<?xml version='1.0' encoding='UTF-8'?>
<gpx version="1.1" creator="https://www.komoot.de" xmlns="http://www.topografix.com/GPX/1/1" xmlns:xsi="http://www.w3.org/2001/XMLSchema-instance" xsi:schemaLocation="http://www.topografix.com/GPX/1/1 http://www.topografix.com/GPX/1/1/gpx.xsd">
  <metadata>
    <name>kurzschlappJunkies</name>
    <author>
      <link href="https://www.komoot.de">
        <text>komoot</text>
        <type>text/html</type>
      </link>
    </author>
  </metadata>
  <trk>
    <name>kurzschlappJunkies</name>
    <trkseg>
      <trkpt lat="47.737883" lon="12.665687">
        <ele>745.218451</ele>
        <time>2022-09-21T09:41:41.676Z</time>
      </trkpt>
      <trkpt lat="47.737762" lon="12.665585">
        <ele>745.218451</ele>
        <time>2022-09-21T09:41:48.651Z</time>
      </trkpt>
      <trkpt lat="47.737675" lon="12.665760">
        <ele>745.218451</ele>
        <time>2022-09-21T09:41:50.660Z</time>
      </trkpt>
      <trkpt lat="47.737665" lon="12.665907">
        <ele>745.218451</ele>
        <time>2022-09-21T09:42:12.672Z</time>
      </trkpt>
      <trkpt lat="47.737602" lon="12.666005">
        <ele>745.218451</ele>
        <time>2022-09-21T09:42:19.688Z</time>
      </trkpt>
      <trkpt lat="47.737527" lon="12.666102">
        <ele>745.218451</ele>
        <time>2022-09-21T09:42:27.661Z</time>
      </trkpt>
      <trkpt lat="47.737462" lon="12.666212">
        <ele>745.218451</ele>
        <time>2022-09-21T09:42:37.685Z</time>
      </trkpt>
      <trkpt lat="47.737418" lon="12.666335">
        <ele>745.218451</ele>
        <time>2022-09-21T09:42:43.687Z</time>
      </trkpt>
      <trkpt lat="47.737363" lon="12.666445">
        <ele>745.218451</ele>
        <time>2022-09-21T09:42:50.685Z</time>
      </trkpt>
      <trkpt lat="47.737297" lon="12.666560">
        <ele>745.394414</ele>
        <time>2022-09-21T09:43:00.687Z</time>
      </trkpt>
      <trkpt lat="47.737233" lon="12.666657">
        <ele>745.653368</ele>
        <time>2022-09-21T09:43:05.656Z</time>
      </trkpt>
      <trkpt lat="47.737178" lon="12.666763">
        <ele>745.908502</ele>
        <time>2022-09-21T09:43:14.688Z</time>
      </trkpt>
      <trkpt lat="47.737177" lon="12.666597">
        <ele>746.224857</ele>
        <time>2022-09-21T09:43:30.687Z</time>
      </trkpt>
      <trkpt lat="47.737227" lon="12.666482">
        <ele>746.485819</ele>
        <time>2022-09-21T09:43:37.688Z</time>
      </trkpt>
      <trkpt lat="47.737273" lon="12.666355">
        <ele>746.760707</ele>
        <time>2022-09-21T09:43:44.688Z</time>
      </trkpt>
      <trkpt lat="47.737352" lon="12.666265">
        <ele>747.042711</ele>
        <time>2022-09-21T09:43:52.688Z</time>
      </trkpt>
      <trkpt lat="47.737408" lon="12.666155">
        <ele>747.305621</ele>
        <time>2022-09-21T09:43:58.689Z</time>
      </trkpt>
      <trkpt lat="47.737485" lon="12.666068">
        <ele>747.579651</ele>
        <time>2022-09-21T09:44:15.688Z</time>
      </trkpt>
      <trkpt lat="47.737542" lon="12.665943">
        <ele>747.867453</ele>
        <time>2022-09-21T09:44:21.686Z</time>
      </trkpt>
      <trkpt lat="47.737620" lon="12.665873">
        <ele>748.125609</ele>
        <time>2022-09-21T09:44:28.684Z</time>
      </trkpt>
      <trkpt lat="47.737702" lon="12.665962">
        <ele>748.413278</ele>
        <time>2022-09-21T09:44:34.684Z</time>
      </trkpt>
      <trkpt lat="47.737765" lon="12.666060">
        <ele>748.671629</ele>
        <time>2022-09-21T09:44:39.744Z</time>
      </trkpt>
      <trkpt lat="47.737830" lon="12.666173">
        <ele>748.954992</ele>
        <time>2022-09-21T09:44:45.674Z</time>
      </trkpt>
      <trkpt lat="47.737887" lon="12.666285">
        <ele>749.222649</ele>
        <time>2022-09-21T09:44:52.675Z</time>
      </trkpt>
      <trkpt lat="47.737945" lon="12.666402">
        <ele>749.499636</ele>
        <time>2022-09-21T09:45:01.676Z</time>
      </trkpt>
      <trkpt lat="47.737972" lon="12.666538">
        <ele>749.769861</ele>
        <time>2022-09-21T09:45:09.675Z</time>
      </trkpt>
      <trkpt lat="47.737995" lon="12.666675">
        <ele>750.038947</ele>
        <time>2022-09-21T09:45:17.674Z</time>
      </trkpt>
      <trkpt lat="47.738027" lon="12.666810">
        <ele>750.311721</ele>
        <time>2022-09-21T09:45:24.676Z</time>
      </trkpt>
      <trkpt lat="47.738108" lon="12.666893">
        <ele>748.727580</ele>
        <time>2022-09-21T09:45:32.676Z</time>
      </trkpt>
      <trkpt lat="47.738013" lon="12.666898">
        <ele>747.174944</ele>
        <time>2022-09-21T09:45:46.673Z</time>
      </trkpt>
      <trkpt lat="47.738008" lon="12.667035">
        <ele>745.667853</ele>
        <time>2022-09-21T09:45:59.676Z</time>
      </trkpt>
      <trkpt lat="47.738077" lon="12.667125">
        <ele>744.168698</ele>
        <time>2022-09-21T09:46:06.675Z</time>
      </trkpt>
      <trkpt lat="47.738127" lon="12.667260">
        <ele>742.475786</ele>
        <time>2022-09-21T09:46:18.677Z</time>
      </trkpt>
      <trkpt lat="47.738203" lon="12.667340">
        <ele>740.954892</ele>
        <time>2022-09-21T09:46:27.748Z</time>
      </trkpt>
      <trkpt lat="47.738293" lon="12.667385">
        <ele>739.404013</ele>
        <time>2022-09-21T09:46:36.675Z</time>
      </trkpt>
      <trkpt lat="47.738387" lon="12.667420">
        <ele>737.821279</ele>
        <time>2022-09-21T09:46:45.677Z</time>
      </trkpt>
      <trkpt lat="47.738425" lon="12.667542">
        <ele>736.344427</ele>
        <time>2022-09-21T09:46:59.678Z</time>
      </trkpt>
      <trkpt lat="47.738378" lon="12.667662">
        <ele>734.819049</ele>
        <time>2022-09-21T09:47:06.673Z</time>
      </trkpt>
      <trkpt lat="47.738292" lon="12.667735">
        <ele>733.201623</ele>
        <time>2022-09-21T09:47:17.672Z</time>
      </trkpt>
      <trkpt lat="47.738198" lon="12.667762">
        <ele>731.637909</ele>
        <time>2022-09-21T09:47:27.672Z</time>
      </trkpt>
      <trkpt lat="47.738108" lon="12.667843">
        <ele>729.919615</ele>
        <time>2022-09-21T09:47:34.675Z</time>
      </trkpt>
      <trkpt lat="47.738030" lon="12.667910">
        <ele>728.448320</ele>
        <time>2022-09-21T09:47:40.656Z</time>
      </trkpt>
      <trkpt lat="47.737935" lon="12.667908">
        <ele>726.896500</ele>
        <time>2022-09-21T09:47:53.640Z</time>
      </trkpt>
      <trkpt lat="47.737852" lon="12.667850">
        <ele>725.398593</ele>
        <time>2022-09-21T09:47:57.673Z</time>
      </trkpt>
      <trkpt lat="47.737770" lon="12.667782">
        <ele>723.865055</ele>
        <time>2022-09-21T09:48:04.675Z</time>
      </trkpt>
      <trkpt lat="47.737697" lon="12.667702">
        <ele>722.383879</ele>
        <time>2022-09-21T09:48:09.678Z</time>
      </trkpt>
      <trkpt lat="47.737605" lon="12.667627">
        <ele>720.941699</ele>
        <time>2022-09-21T09:48:19.676Z</time>
      </trkpt>
      <trkpt lat="47.737522" lon="12.667570">
        <ele>720.966481</ele>
        <time>2022-09-21T09:48:25.673Z</time>
      </trkpt>
      <trkpt lat="47.737433" lon="12.667518">
        <ele>720.992402</ele>
        <time>2022-09-21T09:48:31.675Z</time>
      </trkpt>
      <trkpt lat="47.737340" lon="12.667467">
        <ele>721.019270</ele>
        <time>2022-09-21T09:48:40.673Z</time>
      </trkpt>
      <trkpt lat="47.737252" lon="12.667435">
        <ele>721.043827</ele>
        <time>2022-09-21T09:48:48.736Z</time>
      </trkpt>
      <trkpt lat="47.737158" lon="12.667387">
        <ele>721.070767</ele>
        <time>2022-09-21T09:48:56.676Z</time>
      </trkpt>
      <trkpt lat="47.737065" lon="12.667363">
        <ele>721.096353</ele>
        <time>2022-09-21T09:49:04.672Z</time>
      </trkpt>
      <trkpt lat="47.737118" lon="12.667255">
        <ele>721.120726</ele>
        <time>2022-09-21T09:49:41.638Z</time>
      </trkpt>
      <trkpt lat="47.737038" lon="12.667163">
        <ele>721.148140</ele>
        <time>2022-09-21T09:49:55.653Z</time>
      </trkpt>
      <trkpt lat="47.736953" lon="12.667208">
        <ele>721.172597</ele>
        <time>2022-09-21T09:50:03.647Z</time>
      </trkpt>
      <trkpt lat="47.736867" lon="12.667157">
        <ele>721.197694</ele>
        <time>2022-09-21T09:50:18.674Z</time>
      </trkpt>
      <trkpt lat="47.736820" lon="12.667017">
        <ele>721.226219</ele>
        <time>2022-09-21T09:50:32.675Z</time>
      </trkpt>
      <trkpt lat="47.736785" lon="12.666893">
        <ele>721.250735</ele>
        <time>2022-09-21T09:50:37.646Z</time>
      </trkpt>
      <trkpt lat="47.736753" lon="12.666762">
        <ele>721.276143</ele>
        <time>2022-09-21T09:50:45.732Z</time>
      </trkpt>
      <trkpt lat="47.736680" lon="12.666670">
        <ele>721.302082</ele>
        <time>2022-09-21T09:50:52.673Z</time>
      </trkpt>
      <trkpt lat="47.736598" lon="12.666597">
        <ele>721.327988</ele>
        <time>2022-09-21T09:51:00.674Z</time>
      </trkpt>
      <trkpt lat="47.736525" lon="12.666500">
        <ele>721.354526</ele>
        <time>2022-09-21T09:51:08.672Z</time>
      </trkpt>
      <trkpt lat="47.736438" lon="12.666463">
        <ele>721.379054</ele>
        <time>2022-09-21T09:51:14.674Z</time>
      </trkpt>
      <trkpt lat="47.736350" lon="12.666400">
        <ele>721.405529</ele>
        <time>2022-09-21T09:51:21.673Z</time>
      </trkpt>
      <trkpt lat="47.736270" lon="12.666310">
        <ele>721.406477</ele>
        <time>2022-09-21T09:51:30.675Z</time>
      </trkpt>
      <trkpt lat="47.736228" lon="12.666165">
        <ele>721.339736</ele>
        <time>2022-09-21T09:51:36.648Z</time>
      </trkpt>
      <trkpt lat="47.736128" lon="12.666120">
        <ele>721.274063</ele>
        <time>2022-09-21T09:51:52.641Z</time>
      </trkpt>
      <trkpt lat="47.736038" lon="12.666078">
        <ele>721.214771</ele>
        <time>2022-09-21T09:51:57.673Z</time>
      </trkpt>
      <trkpt lat="47.735937" lon="12.666092">
        <ele>721.151010</ele>
        <time>2022-09-21T09:52:04.643Z</time>
      </trkpt>
      <trkpt lat="47.735837" lon="12.666112">
        <ele>721.087587</ele>
        <time>2022-09-21T09:52:15.715Z</time>
      </trkpt>
      <trkpt lat="47.735740" lon="12.666138">
        <ele>721.025632</ele>
        <time>2022-09-21T09:52:22.649Z</time>
      </trkpt>
      <trkpt lat="47.735652" lon="12.666177">
        <ele>720.967913</ele>
        <time>2022-09-21T09:52:28.677Z</time>
      </trkpt>
      <trkpt lat="47.735563" lon="12.666208">
        <ele>720.910456</ele>
        <time>2022-09-21T09:52:36.674Z</time>
      </trkpt>
      <trkpt lat="47.735463" lon="12.666258">
        <ele>720.844140</ele>
        <time>2022-09-21T09:52:43.676Z</time>
      </trkpt>
      <trkpt lat="47.735370" lon="12.666225">
        <ele>720.784041</ele>
        <time>2022-09-21T09:52:50.674Z</time>
      </trkpt>
      <trkpt lat="47.735275" lon="12.666182">
        <ele>720.721621</ele>
        <time>2022-09-21T09:52:57.669Z</time>
      </trkpt>
      <trkpt lat="47.735193" lon="12.666118">
        <ele>720.663408</ele>
        <time>2022-09-21T09:53:04.672Z</time>
      </trkpt>
      <trkpt lat="47.735097" lon="12.666102">
        <ele>720.602688</ele>
        <time>2022-09-21T09:53:12.673Z</time>
      </trkpt>
      <trkpt lat="47.735002" lon="12.666100">
        <ele>720.542967</ele>
        <time>2022-09-21T09:53:19.677Z</time>
      </trkpt>
      <trkpt lat="47.734900" lon="12.666082">
        <ele>720.478403</ele>
        <time>2022-09-21T09:53:25.675Z</time>
      </trkpt>
      <trkpt lat="47.734808" lon="12.666077">
        <ele>720.420536</ele>
        <time>2022-09-21T09:53:33.675Z</time>
      </trkpt>
      <trkpt lat="47.734715" lon="12.666068">
        <ele>720.361955</ele>
        <time>2022-09-21T09:53:40.729Z</time>
      </trkpt>
      <trkpt lat="47.734627" lon="12.666105">
        <ele>720.304471</ele>
        <time>2022-09-21T09:53:46.727Z</time>
      </trkpt>
      <trkpt lat="47.734537" lon="12.666170">
        <ele>720.736163</ele>
        <time>2022-09-21T09:53:55.671Z</time>
      </trkpt>
      <trkpt lat="47.734440" lon="12.666212">
        <ele>721.269114</ele>
        <time>2022-09-21T09:54:03.672Z</time>
      </trkpt>
      <trkpt lat="47.734342" lon="12.666238">
        <ele>721.794250</ele>
        <time>2022-09-21T09:54:09.674Z</time>
      </trkpt>
      <trkpt lat="47.734242" lon="12.666265">
        <ele>722.330399</ele>
        <time>2022-09-21T09:54:15.674Z</time>
      </trkpt>
      <trkpt lat="47.734145" lon="12.666285">
        <ele>722.846991</ele>
        <time>2022-09-21T09:54:22.728Z</time>
      </trkpt>
      <trkpt lat="47.734048" lon="12.666267">
        <ele>723.362656</ele>
        <time>2022-09-21T09:54:28.727Z</time>
      </trkpt>
      <trkpt lat="47.733950" lon="12.666242">
        <ele>723.887180</ele>
        <time>2022-09-21T09:54:37.675Z</time>
      </trkpt>
      <trkpt lat="47.733862" lon="12.666208">
        <ele>724.366816</ele>
        <time>2022-09-21T09:54:44.670Z</time>
      </trkpt>
      <trkpt lat="47.733775" lon="12.666170">
        <ele>724.845153</ele>
        <time>2022-09-21T09:54:50.675Z</time>
      </trkpt>
      <trkpt lat="47.733802" lon="12.666300">
        <ele>725.327881</ele>
        <time>2022-09-21T09:56:38.673Z</time>
      </trkpt>
      <trkpt lat="47.733693" lon="12.666148">
        <ele>726.116208</ele>
        <time>2022-09-21T09:59:36.640Z</time>
      </trkpt>
      <trkpt lat="47.733592" lon="12.666178">
        <ele>726.659532</ele>
        <time>2022-09-21T09:59:47.641Z</time>
      </trkpt>
      <trkpt lat="47.733498" lon="12.666175">
        <ele>727.155516</ele>
        <time>2022-09-21T09:59:53.669Z</time>
      </trkpt>
      <trkpt lat="47.733407" lon="12.666117">
        <ele>727.677808</ele>
        <time>2022-09-21T09:59:58.668Z</time>
      </trkpt>
      <trkpt lat="47.733315" lon="12.666070">
        <ele>728.190977</ele>
        <time>2022-09-21T10:00:06.671Z</time>
      </trkpt>
      <trkpt lat="47.733223" lon="12.666030">
        <ele>728.696622</ele>
        <time>2022-09-21T10:00:15.667Z</time>
      </trkpt>
      <trkpt lat="47.733135" lon="12.665993">
        <ele>729.179045</ele>
        <time>2022-09-21T10:00:22.670Z</time>
      </trkpt>
      <trkpt lat="47.733063" lon="12.665882">
        <ele>729.726185</ele>
        <time>2022-09-21T10:00:29.669Z</time>
      </trkpt>
      <trkpt lat="47.732968" lon="12.665835">
        <ele>729.623569</ele>
        <time>2022-09-21T10:00:38.651Z</time>
      </trkpt>
      <trkpt lat="47.732875" lon="12.665870">
        <ele>729.453176</ele>
        <time>2022-09-21T10:00:49.669Z</time>
      </trkpt>
      <trkpt lat="47.732778" lon="12.665913">
        <ele>729.273392</ele>
        <time>2022-09-21T10:00:55.670Z</time>
      </trkpt>
      <trkpt lat="47.732685" lon="12.665922">
        <ele>729.107859</ele>
        <time>2022-09-21T10:01:04.673Z</time>
      </trkpt>
      <trkpt lat="47.732593" lon="12.665923">
        <ele>728.944447</ele>
        <time>2022-09-21T10:01:10.670Z</time>
      </trkpt>
      <trkpt lat="47.732503" lon="12.665848">
        <ele>728.761194</ele>
        <time>2022-09-21T10:01:58.665Z</time>
      </trkpt>
      <trkpt lat="47.732407" lon="12.665828">
        <ele>728.589016</ele>
        <time>2022-09-21T10:02:04.645Z</time>
      </trkpt>
      <trkpt lat="47.732328" lon="12.665757">
        <ele>728.425055</ele>
        <time>2022-09-21T10:02:12.652Z</time>
      </trkpt>
      <trkpt lat="47.732247" lon="12.665698">
        <ele>728.264847</ele>
        <time>2022-09-21T10:02:18.668Z</time>
      </trkpt>
      <trkpt lat="47.732153" lon="12.665718">
        <ele>728.096186</ele>
        <time>2022-09-21T10:02:23.735Z</time>
      </trkpt>
      <trkpt lat="47.732055" lon="12.665733">
        <ele>727.921201</ele>
        <time>2022-09-21T10:02:28.672Z</time>
      </trkpt>
      <trkpt lat="47.731957" lon="12.665737">
        <ele>727.747071</ele>
        <time>2022-09-21T10:02:34.673Z</time>
      </trkpt>
      <trkpt lat="47.731860" lon="12.665720">
        <ele>727.573590</ele>
        <time>2022-09-21T10:02:43.674Z</time>
      </trkpt>
      <trkpt lat="47.731765" lon="12.665663">
        <ele>727.391631</ele>
        <time>2022-09-21T10:02:50.664Z</time>
      </trkpt>
      <trkpt lat="47.731678" lon="12.665610">
        <ele>727.224636</ele>
        <time>2022-09-21T10:02:57.677Z</time>
      </trkpt>
      <trkpt lat="47.731580" lon="12.665600">
        <ele>727.050162</ele>
        <time>2022-09-21T10:03:05.642Z</time>
      </trkpt>
      <trkpt lat="47.731493" lon="12.665522">
        <ele>726.869713</ele>
        <time>2022-09-21T10:03:14.675Z</time>
      </trkpt>
      <trkpt lat="47.731418" lon="12.665445">
        <ele>726.707825</ele>
        <time>2022-09-21T10:03:20.675Z</time>
      </trkpt>
      <trkpt lat="47.731325" lon="12.665410">
        <ele>726.622287</ele>
        <time>2022-09-21T10:03:28.673Z</time>
      </trkpt>
      <trkpt lat="47.731233" lon="12.665375">
        <ele>726.738005</ele>
        <time>2022-09-21T10:03:34.675Z</time>
      </trkpt>
      <trkpt lat="47.731138" lon="12.665338">
        <ele>726.857673</ele>
        <time>2022-09-21T10:03:41.678Z</time>
      </trkpt>
      <trkpt lat="47.731043" lon="12.665333">
        <ele>726.973507</ele>
        <time>2022-09-21T10:03:50.674Z</time>
      </trkpt>
      <trkpt lat="47.730952" lon="12.665362">
        <ele>727.086914</ele>
        <time>2022-09-21T10:03:55.666Z</time>
      </trkpt>
      <trkpt lat="47.730862" lon="12.665357">
        <ele>727.196659</ele>
        <time>2022-09-21T10:04:02.672Z</time>
      </trkpt>
      <trkpt lat="47.730767" lon="12.665368">
        <ele>727.312771</ele>
        <time>2022-09-21T10:04:09.672Z</time>
      </trkpt>
      <trkpt lat="47.730677" lon="12.665377">
        <ele>727.422688</ele>
        <time>2022-09-21T10:04:15.665Z</time>
      </trkpt>
      <trkpt lat="47.730577" lon="12.665347">
        <ele>727.546999</ele>
        <time>2022-09-21T10:04:24.664Z</time>
      </trkpt>
      <trkpt lat="47.730475" lon="12.665365">
        <ele>727.672163</ele>
        <time>2022-09-21T10:04:30.741Z</time>
      </trkpt>
      <trkpt lat="47.730377" lon="12.665337">
        <ele>727.793765</ele>
        <time>2022-09-21T10:04:39.671Z</time>
      </trkpt>
      <trkpt lat="47.730275" lon="12.665338">
        <ele>727.918059</ele>
        <time>2022-09-21T10:04:46.659Z</time>
      </trkpt>
      <trkpt lat="47.730192" lon="12.665282">
        <ele>728.029126</ele>
        <time>2022-09-21T10:04:53.669Z</time>
      </trkpt>
      <trkpt lat="47.730100" lon="12.665293">
        <ele>728.141594</ele>
        <time>2022-09-21T10:05:00.674Z</time>
      </trkpt>
      <trkpt lat="47.730003" lon="12.665342">
        <ele>728.266430</ele>
        <time>2022-09-21T10:05:07.667Z</time>
      </trkpt>
      <trkpt lat="47.729918" lon="12.665403">
        <ele>728.381442</ele>
        <time>2022-09-21T10:05:12.663Z</time>
      </trkpt>
      <trkpt lat="47.729833" lon="12.665357">
        <ele>728.491667</ele>
        <time>2022-09-21T10:05:19.670Z</time>
      </trkpt>
      <trkpt lat="47.729787" lon="12.665230">
        <ele>728.609892</ele>
        <time>2022-09-21T10:05:26.674Z</time>
      </trkpt>
      <trkpt lat="47.729705" lon="12.665145">
        <ele>728.731703</ele>
        <time>2022-09-21T10:05:33.648Z</time>
      </trkpt>
      <trkpt lat="47.729613" lon="12.665125">
        <ele>728.907677</ele>
        <time>2022-09-21T10:05:44.668Z</time>
      </trkpt>
      <trkpt lat="47.729523" lon="12.665117">
        <ele>729.122647</ele>
        <time>2022-09-21T10:05:52.667Z</time>
      </trkpt>
      <trkpt lat="47.729445" lon="12.665045">
        <ele>729.341554</ele>
        <time>2022-09-21T10:05:59.671Z</time>
      </trkpt>
      <trkpt lat="47.729373" lon="12.664963">
        <ele>729.557806</ele>
        <time>2022-09-21T10:06:07.669Z</time>
      </trkpt>
      <trkpt lat="47.729282" lon="12.664910">
        <ele>729.790832</ele>
        <time>2022-09-21T10:06:13.669Z</time>
      </trkpt>
      <trkpt lat="47.729187" lon="12.664872">
        <ele>730.025396</ele>
        <time>2022-09-21T10:06:19.671Z</time>
      </trkpt>
      <trkpt lat="47.729110" lon="12.664802">
        <ele>730.240590</ele>
        <time>2022-09-21T10:06:25.670Z</time>
      </trkpt>
      <trkpt lat="47.729025" lon="12.664748">
        <ele>730.460984</ele>
        <time>2022-09-21T10:06:31.670Z</time>
      </trkpt>
      <trkpt lat="47.728947" lon="12.664662">
        <ele>730.692522</ele>
        <time>2022-09-21T10:06:37.674Z</time>
      </trkpt>
      <trkpt lat="47.728868" lon="12.664592">
        <ele>730.911799</ele>
        <time>2022-09-21T10:06:43.673Z</time>
      </trkpt>
      <trkpt lat="47.728778" lon="12.664530">
        <ele>731.148304</ele>
        <time>2022-09-21T10:06:51.731Z</time>
      </trkpt>
      <trkpt lat="47.728688" lon="12.664477">
        <ele>731.379113</ele>
        <time>2022-09-21T10:07:00.673Z</time>
      </trkpt>
      <trkpt lat="47.728598" lon="12.664415">
        <ele>731.615618</ele>
        <time>2022-09-21T10:07:07.669Z</time>
      </trkpt>
      <trkpt lat="47.728520" lon="12.664332">
        <ele>731.844323</ele>
        <time>2022-09-21T10:07:13.671Z</time>
      </trkpt>
      <trkpt lat="47.728433" lon="12.664287">
        <ele>732.063953</ele>
        <time>2022-09-21T10:07:20.728Z</time>
      </trkpt>
      <trkpt lat="47.728355" lon="12.664215">
        <ele>732.282861</ele>
        <time>2022-09-21T10:07:27.670Z</time>
      </trkpt>
      <trkpt lat="47.728328" lon="12.664063">
        <ele>732.534994</ele>
        <time>2022-09-21T10:07:34.672Z</time>
      </trkpt>
      <trkpt lat="47.728370" lon="12.663922">
        <ele>732.782310</ele>
        <time>2022-09-21T10:07:38.728Z</time>
      </trkpt>
      <trkpt lat="47.728438" lon="12.663830">
        <ele>733.001530</ele>
        <time>2022-09-21T10:07:44.736Z</time>
      </trkpt>
      <trkpt lat="47.728535" lon="12.663782">
        <ele>732.992948</ele>
        <time>2022-09-21T10:07:51.673Z</time>
      </trkpt>
      <trkpt lat="47.728627" lon="12.663780">
        <ele>732.900098</ele>
        <time>2022-09-21T10:07:57.673Z</time>
      </trkpt>
      <trkpt lat="47.728717" lon="12.663825">
        <ele>732.804276</ele>
        <time>2022-09-21T10:08:05.671Z</time>
      </trkpt>
      <trkpt lat="47.728807" lon="12.663847">
        <ele>732.712234</ele>
        <time>2022-09-21T10:08:11.672Z</time>
      </trkpt>
      <trkpt lat="47.728907" lon="12.663845">
        <ele>732.611311</ele>
        <time>2022-09-21T10:08:19.724Z</time>
      </trkpt>
      <trkpt lat="47.729002" lon="12.663847">
        <ele>732.515433</ele>
        <time>2022-09-21T10:08:26.673Z</time>
      </trkpt>
      <trkpt lat="47.729105" lon="12.663870">
        <ele>732.410326</ele>
        <time>2022-09-21T10:08:32.645Z</time>
      </trkpt>
      <trkpt lat="47.729190" lon="12.663820">
        <ele>732.318079</ele>
        <time>2022-09-21T10:08:40.670Z</time>
      </trkpt>
      <trkpt lat="47.729282" lon="12.663830">
        <ele>732.224990</ele>
        <time>2022-09-21T10:08:46.673Z</time>
      </trkpt>
      <trkpt lat="47.729380" lon="12.663843">
        <ele>732.125701</ele>
        <time>2022-09-21T10:08:54.707Z</time>
      </trkpt>
      <trkpt lat="47.729508" lon="12.663845">
        <ele>731.996524</ele>
        <time>2022-09-21T10:09:23.677Z</time>
      </trkpt>
      <trkpt lat="47.729598" lon="12.663825">
        <ele>731.904693</ele>
        <time>2022-09-21T10:09:29.728Z</time>
      </trkpt>
      <trkpt lat="47.729693" lon="12.663805">
        <ele>731.807868</ele>
        <time>2022-09-21T10:09:36.665Z</time>
      </trkpt>
      <trkpt lat="47.729783" lon="12.663800">
        <ele>731.716982</ele>
        <time>2022-09-21T10:09:44.671Z</time>
      </trkpt>
      <trkpt lat="47.729873" lon="12.663808">
        <ele>731.625998</ele>
        <time>2022-09-21T10:09:51.705Z</time>
      </trkpt>
      <trkpt lat="47.729980" lon="12.663797">
        <ele>731.517762</ele>
        <time>2022-09-21T10:09:58.668Z</time>
      </trkpt>
      <trkpt lat="47.730073" lon="12.663782">
        <ele>731.423361</ele>
        <time>2022-09-21T10:10:07.673Z</time>
      </trkpt>
      <trkpt lat="47.730177" lon="12.663775">
        <ele>731.318303</ele>
        <time>2022-09-21T10:10:13.723Z</time>
      </trkpt>
      <trkpt lat="47.730267" lon="12.663775">
        <ele>731.156625</ele>
        <time>2022-09-21T10:10:21.658Z</time>
      </trkpt>
      <trkpt lat="47.730362" lon="12.663758">
        <ele>730.790963</ele>
        <time>2022-09-21T10:10:27.667Z</time>
      </trkpt>
      <trkpt lat="47.730458" lon="12.663752">
        <ele>730.423776</ele>
        <time>2022-09-21T10:10:35.664Z</time>
      </trkpt>
      <trkpt lat="47.730548" lon="12.663753">
        <ele>730.079832</ele>
        <time>2022-09-21T10:10:42.722Z</time>
      </trkpt>
      <trkpt lat="47.730647" lon="12.663747">
        <ele>729.701190</ele>
        <time>2022-09-21T10:10:49.675Z</time>
      </trkpt>
      <trkpt lat="47.730740" lon="12.663742">
        <ele>729.345559</ele>
        <time>2022-09-21T10:10:56.671Z</time>
      </trkpt>
      <trkpt lat="47.730832" lon="12.663723">
        <ele>728.990606</ele>
        <time>2022-09-21T10:11:03.673Z</time>
      </trkpt>
      <trkpt lat="47.730923" lon="12.663748">
        <ele>728.636963</ele>
        <time>2022-09-21T10:11:09.667Z</time>
      </trkpt>
      <trkpt lat="47.731013" lon="12.663722">
        <ele>728.286596</ele>
        <time>2022-09-21T10:11:17.722Z</time>
      </trkpt>
      <trkpt lat="47.731110" lon="12.663712">
        <ele>727.915022</ele>
        <time>2022-09-21T10:11:24.673Z</time>
      </trkpt>
      <trkpt lat="47.731207" lon="12.663707">
        <ele>727.544114</ele>
        <time>2022-09-21T10:11:30.672Z</time>
      </trkpt>
      <trkpt lat="47.731305" lon="12.663678">
        <ele>727.162262</ele>
        <time>2022-09-21T10:11:38.672Z</time>
      </trkpt>
      <trkpt lat="47.731395" lon="12.663682">
        <ele>726.818174</ele>
        <time>2022-09-21T10:11:45.644Z</time>
      </trkpt>
      <trkpt lat="47.731478" lon="12.663602">
        <ele>726.440168</ele>
        <time>2022-09-21T10:12:04.668Z</time>
      </trkpt>
      <trkpt lat="47.731543" lon="12.663490">
        <ele>726.059937</ele>
        <time>2022-09-21T10:12:11.672Z</time>
      </trkpt>
      <trkpt lat="47.731585" lon="12.663368">
        <ele>725.707665</ele>
        <time>2022-09-21T10:12:17.638Z</time>
      </trkpt>
      <trkpt lat="47.731562" lon="12.663235">
        <ele>725.354690</ele>
        <time>2022-09-21T10:12:24.628Z</time>
      </trkpt>
      <trkpt lat="47.731490" lon="12.663133">
        <ele>724.974634</ele>
        <time>2022-09-21T10:12:31.665Z</time>
      </trkpt>
      <trkpt lat="47.731403" lon="12.663073">
        <ele>724.608136</ele>
        <time>2022-09-21T10:12:39.630Z</time>
      </trkpt>
      <trkpt lat="47.731325" lon="12.662978">
        <ele>724.438654</ele>
        <time>2022-09-21T10:12:46.626Z</time>
      </trkpt>
      <trkpt lat="47.731292" lon="12.662837">
        <ele>724.583839</ele>
        <time>2022-09-21T10:12:53.670Z</time>
      </trkpt>
      <trkpt lat="47.731210" lon="12.662762">
        <ele>724.723036</ele>
        <time>2022-09-21T10:13:00.670Z</time>
      </trkpt>
      <trkpt lat="47.731132" lon="12.662657">
        <ele>724.875171</ele>
        <time>2022-09-21T10:13:07.651Z</time>
      </trkpt>
      <trkpt lat="47.731068" lon="12.662553">
        <ele>725.012253</ele>
        <time>2022-09-21T10:13:17.647Z</time>
      </trkpt>
      <trkpt lat="47.730970" lon="12.662503">
        <ele>725.162057</ele>
        <time>2022-09-21T10:13:24.674Z</time>
      </trkpt>
      <trkpt lat="47.730888" lon="12.662417">
        <ele>725.307146</ele>
        <time>2022-09-21T10:13:32.669Z</time>
      </trkpt>
      <trkpt lat="47.730817" lon="12.662325">
        <ele>725.443318</ele>
        <time>2022-09-21T10:13:39.671Z</time>
      </trkpt>
      <trkpt lat="47.730755" lon="12.662210">
        <ele>725.586647</ele>
        <time>2022-09-21T10:13:46.667Z</time>
      </trkpt>
      <trkpt lat="47.730680" lon="12.662127">
        <ele>725.721829</ele>
        <time>2022-09-21T10:13:54.668Z</time>
      </trkpt>
      <trkpt lat="47.730600" lon="12.662043">
        <ele>725.863434</ele>
        <time>2022-09-21T10:13:59.672Z</time>
      </trkpt>
      <trkpt lat="47.730537" lon="12.661945">
        <ele>725.995268</ele>
        <time>2022-09-21T10:14:07.651Z</time>
      </trkpt>
      <trkpt lat="47.730447" lon="12.661865">
        <ele>726.146877</ele>
        <time>2022-09-21T10:14:13.667Z</time>
      </trkpt>
      <trkpt lat="47.730363" lon="12.661775">
        <ele>726.296580</ele>
        <time>2022-09-21T10:14:21.670Z</time>
      </trkpt>
      <trkpt lat="47.730288" lon="12.661680">
        <ele>726.439038</ele>
        <time>2022-09-21T10:14:27.650Z</time>
      </trkpt>
      <trkpt lat="47.730225" lon="12.661583">
        <ele>726.570171</ele>
        <time>2022-09-21T10:14:34.656Z</time>
      </trkpt>
      <trkpt lat="47.730132" lon="12.661528">
        <ele>726.714882</ele>
        <time>2022-09-21T10:14:41.670Z</time>
      </trkpt>
      <trkpt lat="47.730042" lon="12.661525">
        <ele>726.845040</ele>
        <time>2022-09-21T10:14:48.672Z</time>
      </trkpt>
      <trkpt lat="47.729962" lon="12.661443">
        <ele>727.007341</ele>
        <time>2022-09-21T10:14:56.668Z</time>
      </trkpt>
      <trkpt lat="47.729887" lon="12.661355">
        <ele>727.685936</ele>
        <time>2022-09-21T10:15:04.672Z</time>
      </trkpt>
      <trkpt lat="47.729813" lon="12.661262">
        <ele>728.374145</ele>
        <time>2022-09-21T10:15:12.669Z</time>
      </trkpt>
      <trkpt lat="47.729735" lon="12.661167">
        <ele>729.090303</ele>
        <time>2022-09-21T10:15:20.667Z</time>
      </trkpt>
      <trkpt lat="47.729645" lon="12.661170">
        <ele>729.729686</ele>
        <time>2022-09-21T10:15:27.653Z</time>
      </trkpt>
      <trkpt lat="47.729548" lon="12.661173">
        <ele>730.418774</ele>
        <time>2022-09-21T10:15:35.673Z</time>
      </trkpt>
      <trkpt lat="47.729447" lon="12.661128">
        <ele>731.167644</ele>
        <time>2022-09-21T10:15:42.667Z</time>
      </trkpt>
      <trkpt lat="47.729370" lon="12.661057">
        <ele>731.811181</ele>
        <time>2022-09-21T10:15:50.667Z</time>
      </trkpt>
      <trkpt lat="47.729287" lon="12.660990">
        <ele>732.481978</ele>
        <time>2022-09-21T10:15:58.668Z</time>
      </trkpt>
      <trkpt lat="47.729192" lon="12.660952">
        <ele>733.180707</ele>
        <time>2022-09-21T10:16:05.665Z</time>
      </trkpt>
      <trkpt lat="47.729110" lon="12.660880">
        <ele>733.857101</ele>
        <time>2022-09-21T10:16:13.663Z</time>
      </trkpt>
      <trkpt lat="47.729022" lon="12.660845">
        <ele>734.504098</ele>
        <time>2022-09-21T10:16:19.672Z</time>
      </trkpt>
      <trkpt lat="47.728937" lon="12.660795">
        <ele>735.153346</ele>
        <time>2022-09-21T10:16:26.671Z</time>
      </trkpt>
      <trkpt lat="47.728845" lon="12.660752">
        <ele>735.838304</ele>
        <time>2022-09-21T10:16:33.669Z</time>
      </trkpt>
      <trkpt lat="47.728753" lon="12.660718">
        <ele>736.511618</ele>
        <time>2022-09-21T10:16:41.667Z</time>
      </trkpt>
      <trkpt lat="47.728663" lon="12.660650">
        <ele>737.228654</ele>
        <time>2022-09-21T10:16:50.669Z</time>
      </trkpt>
      <trkpt lat="47.728572" lon="12.660610">
        <ele>737.902637</ele>
        <time>2022-09-21T10:16:55.666Z</time>
      </trkpt>
      <trkpt lat="47.728480" lon="12.660570">
        <ele>738.583434</ele>
        <time>2022-09-21T10:17:03.668Z</time>
      </trkpt>
      <trkpt lat="47.728392" lon="12.660532">
        <ele>739.234283</ele>
        <time>2022-09-21T10:17:11.668Z</time>
      </trkpt>
      <trkpt lat="47.728298" lon="12.660520">
        <ele>739.775336</ele>
        <time>2022-09-21T10:17:19.670Z</time>
      </trkpt>
      <trkpt lat="47.728215" lon="12.660433">
        <ele>739.874533</ele>
        <time>2022-09-21T10:17:26.660Z</time>
      </trkpt>
      <trkpt lat="47.728128" lon="12.660387">
        <ele>739.964727</ele>
        <time>2022-09-21T10:17:32.671Z</time>
      </trkpt>
      <trkpt lat="47.728032" lon="12.660368">
        <ele>740.059325</ele>
        <time>2022-09-21T10:17:38.672Z</time>
      </trkpt>
      <trkpt lat="47.727938" lon="12.660350">
        <ele>740.151900</ele>
        <time>2022-09-21T10:17:44.668Z</time>
      </trkpt>
      <trkpt lat="47.727847" lon="12.660333">
        <ele>740.241485</ele>
        <time>2022-09-21T10:17:52.672Z</time>
      </trkpt>
      <trkpt lat="47.727813" lon="12.660207">
        <ele>740.330684</ele>
        <time>2022-09-21T10:18:09.640Z</time>
      </trkpt>
      <trkpt lat="47.727760" lon="12.660092">
        <ele>740.422276</ele>
        <time>2022-09-21T10:18:16.674Z</time>
      </trkpt>
      <trkpt lat="47.727683" lon="12.660002">
        <ele>740.517950</ele>
        <time>2022-09-21T10:18:23.673Z</time>
      </trkpt>
      <trkpt lat="47.727615" lon="12.659898">
        <ele>740.613243</ele>
        <time>2022-09-21T10:18:32.675Z</time>
      </trkpt>
      <trkpt lat="47.727555" lon="12.659790">
        <ele>740.705275</ele>
        <time>2022-09-21T10:18:38.671Z</time>
      </trkpt>
      <trkpt lat="47.727487" lon="12.659698">
        <ele>740.795084</ele>
        <time>2022-09-21T10:18:46.676Z</time>
      </trkpt>
      <trkpt lat="47.727423" lon="12.659598">
        <ele>740.885775</ele>
        <time>2022-09-21T10:18:53.656Z</time>
      </trkpt>
      <trkpt lat="47.727363" lon="12.659487">
        <ele>740.979336</ele>
        <time>2022-09-21T10:19:01.652Z</time>
      </trkpt>
      <trkpt lat="47.727283" lon="12.659382">
        <ele>741.083574</ele>
        <time>2022-09-21T10:19:07.672Z</time>
      </trkpt>
      <trkpt lat="47.727215" lon="12.659288">
        <ele>741.174272</ele>
        <time>2022-09-21T10:19:13.670Z</time>
      </trkpt>
      <trkpt lat="47.727163" lon="12.659163">
        <ele>741.270839</ele>
        <time>2022-09-21T10:19:21.669Z</time>
      </trkpt>
      <trkpt lat="47.727102" lon="12.659065">
        <ele>741.358567</ele>
        <time>2022-09-21T10:19:29.668Z</time>
      </trkpt>
      <trkpt lat="47.727070" lon="12.658925">
        <ele>741.455718</ele>
        <time>2022-09-21T10:19:35.670Z</time>
      </trkpt>
      <trkpt lat="47.727050" lon="12.658772">
        <ele>741.368043</ele>
        <time>2022-09-21T10:19:41.669Z</time>
      </trkpt>
      <trkpt lat="47.727038" lon="12.658632">
        <ele>741.081701</ele>
        <time>2022-09-21T10:19:49.687Z</time>
      </trkpt>
      <trkpt lat="47.726995" lon="12.658495">
        <ele>740.774973</ele>
        <time>2022-09-21T10:19:56.669Z</time>
      </trkpt>
      <trkpt lat="47.726995" lon="12.658338">
        <ele>740.456436</ele>
        <time>2022-09-21T10:20:02.669Z</time>
      </trkpt>
      <trkpt lat="47.726988" lon="12.658202">
        <ele>740.179700</ele>
        <time>2022-09-21T10:20:08.670Z</time>
      </trkpt>
      <trkpt lat="47.726990" lon="12.658055">
        <ele>739.881392</ele>
        <time>2022-09-21T10:20:16.670Z</time>
      </trkpt>
      <trkpt lat="47.726978" lon="12.657913">
        <ele>739.591024</ele>
        <time>2022-09-21T10:20:25.668Z</time>
      </trkpt>
      <trkpt lat="47.726973" lon="12.657752">
        <ele>739.264024</ele>
        <time>2022-09-21T10:20:31.668Z</time>
      </trkpt>
      <trkpt lat="47.726973" lon="12.657607">
        <ele>738.969834</ele>
        <time>2022-09-21T10:20:39.672Z</time>
      </trkpt>
      <trkpt lat="47.726973" lon="12.657455">
        <ele>738.661442</ele>
        <time>2022-09-21T10:20:49.672Z</time>
      </trkpt>
      <trkpt lat="47.726980" lon="12.657308">
        <ele>738.362448</ele>
        <time>2022-09-21T10:20:54.725Z</time>
      </trkpt>
      <trkpt lat="47.726945" lon="12.657177">
        <ele>738.076465</ele>
        <time>2022-09-21T10:21:02.671Z</time>
      </trkpt>
      <trkpt lat="47.726907" lon="12.657050">
        <ele>737.794453</ele>
        <time>2022-09-21T10:21:09.670Z</time>
      </trkpt>
      <trkpt lat="47.726870" lon="12.656917">
        <ele>737.502443</ele>
        <time>2022-09-21T10:21:16.670Z</time>
      </trkpt>
      <trkpt lat="47.726820" lon="12.656778">
        <ele>737.182634</ele>
        <time>2022-09-21T10:21:25.669Z</time>
      </trkpt>
      <trkpt lat="47.726778" lon="12.656645">
        <ele>736.884534</ele>
        <time>2022-09-21T10:21:31.672Z</time>
      </trkpt>
      <trkpt lat="47.726728" lon="12.656527">
        <ele>736.601583</ele>
        <time>2022-09-21T10:21:39.672Z</time>
      </trkpt>
      <trkpt lat="47.726670" lon="12.656403">
        <ele>736.295154</ele>
        <time>2022-09-21T10:21:49.659Z</time>
      </trkpt>
      <trkpt lat="47.726590" lon="12.656302">
        <ele>736.083170</ele>
        <time>2022-09-21T10:21:57.670Z</time>
      </trkpt>
      <trkpt lat="47.726507" lon="12.656220">
        <ele>736.073774</ele>
        <time>2022-09-21T10:22:04.670Z</time>
      </trkpt>
      <trkpt lat="47.726425" lon="12.656148">
        <ele>736.064795</ele>
        <time>2022-09-21T10:22:11.688Z</time>
      </trkpt>
      <trkpt lat="47.726338" lon="12.656102">
        <ele>736.056090</ele>
        <time>2022-09-21T10:22:19.669Z</time>
      </trkpt>
      <trkpt lat="47.726240" lon="12.656053">
        <ele>736.046342</ele>
        <time>2022-09-21T10:22:28.671Z</time>
      </trkpt>
      <trkpt lat="47.726150" lon="12.656007">
        <ele>736.037369</ele>
        <time>2022-09-21T10:22:34.668Z</time>
      </trkpt>
      <trkpt lat="47.726067" lon="12.655925">
        <ele>736.027973</ele>
        <time>2022-09-21T10:22:42.687Z</time>
      </trkpt>
      <trkpt lat="47.725987" lon="12.655842">
        <ele>736.018775</ele>
        <time>2022-09-21T10:22:49.672Z</time>
      </trkpt>
      <trkpt lat="47.725900" lon="12.655762">
        <ele>736.009130</ele>
        <time>2022-09-21T10:22:57.665Z</time>
      </trkpt>
      <trkpt lat="47.725830" lon="12.655667">
        <ele>736.000194</ele>
        <time>2022-09-21T10:23:04.674Z</time>
      </trkpt>
      <trkpt lat="47.725748" lon="12.655582">
        <ele>735.990769</ele>
        <time>2022-09-21T10:23:12.669Z</time>
      </trkpt>
      <trkpt lat="47.725668" lon="12.655490">
        <ele>735.981233</ele>
        <time>2022-09-21T10:23:20.723Z</time>
      </trkpt>
      <trkpt lat="47.725592" lon="12.655407">
        <ele>735.972342</ele>
        <time>2022-09-21T10:23:27.661Z</time>
      </trkpt>
      <trkpt lat="47.725520" lon="12.655302">
        <ele>735.962833</ele>
        <time>2022-09-21T10:23:35.668Z</time>
      </trkpt>
      <trkpt lat="47.725443" lon="12.655215">
        <ele>735.953715</ele>
        <time>2022-09-21T10:23:43.670Z</time>
      </trkpt>
      <trkpt lat="47.725363" lon="12.655143">
        <ele>735.944898</ele>
        <time>2022-09-21T10:23:50.726Z</time>
      </trkpt>
      <trkpt lat="47.725275" lon="12.655093">
        <ele>735.936016</ele>
        <time>2022-09-21T10:23:57.669Z</time>
      </trkpt>
      <trkpt lat="47.725195" lon="12.655020">
        <ele>735.927166</ele>
        <time>2022-09-21T10:24:05.670Z</time>
      </trkpt>
      <trkpt lat="47.725122" lon="12.654940">
        <ele>735.918615</ele>
        <time>2022-09-21T10:24:13.670Z</time>
      </trkpt>
      <trkpt lat="47.725032" lon="12.654878">
        <ele>735.685583</ele>
        <time>2022-09-21T10:24:22.677Z</time>
      </trkpt>
      <trkpt lat="47.724968" lon="12.654772">
        <ele>735.414270</ele>
        <time>2022-09-21T10:24:30.656Z</time>
      </trkpt>
      <trkpt lat="47.724897" lon="12.654683">
        <ele>735.151288</ele>
        <time>2022-09-21T10:24:40.657Z</time>
      </trkpt>
      <trkpt lat="47.724807" lon="12.654663">
        <ele>734.893608</ele>
        <time>2022-09-21T10:24:51.630Z</time>
      </trkpt>
      <trkpt lat="47.724923" lon="12.654710">
        <ele>734.553156</ele>
        <time>2022-09-21T10:25:36.672Z</time>
      </trkpt>
      <trkpt lat="47.725005" lon="12.654798">
        <ele>734.266778</ele>
        <time>2022-09-21T10:25:42.671Z</time>
      </trkpt>
      <trkpt lat="47.725108" lon="12.654800">
        <ele>733.975094</ele>
        <time>2022-09-21T10:25:48.670Z</time>
      </trkpt>
      <trkpt lat="47.725193" lon="12.654855">
        <ele>733.712593</ele>
        <time>2022-09-21T10:25:57.670Z</time>
      </trkpt>
      <trkpt lat="47.725273" lon="12.654957">
        <ele>733.414155</ele>
        <time>2022-09-21T10:26:04.672Z</time>
      </trkpt>
      <trkpt lat="47.725342" lon="12.655065">
        <ele>733.130439</ele>
        <time>2022-09-21T10:26:13.670Z</time>
      </trkpt>
      <trkpt lat="47.725432" lon="12.655113">
        <ele>732.859686</ele>
        <time>2022-09-21T10:26:20.670Z</time>
      </trkpt>
      <trkpt lat="47.725513" lon="12.655202">
        <ele>732.574472</ele>
        <time>2022-09-21T10:26:28.733Z</time>
      </trkpt>
      <trkpt lat="47.725592" lon="12.655280">
        <ele>732.305928</ele>
        <time>2022-09-21T10:26:36.673Z</time>
      </trkpt>
      <trkpt lat="47.725670" lon="12.655367">
        <ele>732.029804</ele>
        <time>2022-09-21T10:26:42.674Z</time>
      </trkpt>
      <trkpt lat="47.725752" lon="12.655442">
        <ele>731.757181</ele>
        <time>2022-09-21T10:26:50.673Z</time>
      </trkpt>
      <trkpt lat="47.725807" lon="12.655560">
        <ele>731.483732</ele>
        <time>2022-09-21T10:26:58.634Z</time>
      </trkpt>
      <trkpt lat="47.725903" lon="12.655637">
        <ele>731.174851</ele>
        <time>2022-09-21T10:27:12.678Z</time>
      </trkpt>
      <trkpt lat="47.725987" lon="12.655717">
        <ele>730.892368</ele>
        <time>2022-09-21T10:27:22.667Z</time>
      </trkpt>
      <trkpt lat="47.726020" lon="12.655852">
        <ele>732.034165</ele>
        <time>2022-09-21T10:27:30.672Z</time>
      </trkpt>
      <trkpt lat="47.726093" lon="12.655938">
        <ele>733.590695</ele>
        <time>2022-09-21T10:27:37.668Z</time>
      </trkpt>
      <trkpt lat="47.726180" lon="12.655988">
        <ele>735.149428</ele>
        <time>2022-09-21T10:27:46.670Z</time>
      </trkpt>
      <trkpt lat="47.726160" lon="12.655853">
        <ele>736.703355</ele>
        <time>2022-09-21T10:27:59.672Z</time>
      </trkpt>
      <trkpt lat="47.726087" lon="12.655765">
        <ele>738.273946</ele>
        <time>2022-09-21T10:28:10.729Z</time>
      </trkpt>
      <trkpt lat="47.726087" lon="12.655628">
        <ele>739.813989</ele>
        <time>2022-09-21T10:28:21.669Z</time>
      </trkpt>
      <trkpt lat="47.726028" lon="12.655523">
        <ele>741.351936</ele>
        <time>2022-09-21T10:28:39.671Z</time>
      </trkpt>
      <trkpt lat="47.725947" lon="12.655427">
        <ele>743.083069</ele>
        <time>2022-09-21T10:28:57.665Z</time>
      </trkpt>
      <trkpt lat="47.725895" lon="12.655315">
        <ele>744.612857</ele>
        <time>2022-09-21T10:29:07.654Z</time>
      </trkpt>
      <trkpt lat="47.725852" lon="12.655195">
        <ele>746.141261</ele>
        <time>2022-09-21T10:29:16.671Z</time>
      </trkpt>
      <trkpt lat="47.725830" lon="12.655065">
        <ele>747.648159</ele>
        <time>2022-09-21T10:29:25.636Z</time>
      </trkpt>
      <trkpt lat="47.725747" lon="12.655005">
        <ele>749.190481</ele>
        <time>2022-09-21T10:29:44.673Z</time>
      </trkpt>
      <trkpt lat="47.725663" lon="12.654885">
        <ele>751.137313</ele>
        <time>2022-09-21T10:30:15.671Z</time>
      </trkpt>
      <trkpt lat="47.725622" lon="12.654757">
        <ele>752.730997</ele>
        <time>2022-09-21T10:31:28.638Z</time>
      </trkpt>
      <trkpt lat="47.725538" lon="12.654695">
        <ele>754.298234</ele>
        <time>2022-09-21T10:31:49.669Z</time>
      </trkpt>
      <trkpt lat="47.725477" lon="12.654593">
        <ele>755.832464</ele>
        <time>2022-09-21T10:32:01.729Z</time>
      </trkpt>
      <trkpt lat="47.725403" lon="12.654505">
        <ele>757.416078</ele>
        <time>2022-09-21T10:32:16.670Z</time>
      </trkpt>
      <trkpt lat="47.725358" lon="12.654380">
        <ele>759.009817</ele>
        <time>2022-09-21T10:32:40.672Z</time>
      </trkpt>
      <trkpt lat="47.725320" lon="12.654250">
        <ele>760.603201</ele>
        <time>2022-09-21T10:32:59.669Z</time>
      </trkpt>
      <trkpt lat="47.725275" lon="12.654128">
        <ele>762.972064</ele>
        <time>2022-09-21T10:33:11.672Z</time>
      </trkpt>
      <trkpt lat="47.725210" lon="12.654017">
        <ele>765.661679</ele>
        <time>2022-09-21T10:33:35.673Z</time>
      </trkpt>
      <trkpt lat="47.725193" lon="12.653877">
        <ele>768.261681</ele>
        <time>2022-09-21T10:33:43.671Z</time>
      </trkpt>
      <trkpt lat="47.725128" lon="12.653775">
        <ele>770.829508</ele>
        <time>2022-09-21T10:34:06.668Z</time>
      </trkpt>
      <trkpt lat="47.725117" lon="12.653640">
        <ele>773.314815</ele>
        <time>2022-09-21T10:34:27.639Z</time>
      </trkpt>
      <trkpt lat="47.725067" lon="12.653508">
        <ele>776.083433</ele>
        <time>2022-09-21T10:34:37.672Z</time>
      </trkpt>
      <trkpt lat="47.724995" lon="12.653332">
        <ele>779.848140</ele>
        <time>2022-09-21T10:35:20.672Z</time>
      </trkpt>
      <trkpt lat="47.724983" lon="12.653198">
        <ele>782.318749</ele>
        <time>2022-09-21T10:35:27.675Z</time>
      </trkpt>
      <trkpt lat="47.724908" lon="12.653112">
        <ele>784.892159</ele>
        <time>2022-09-21T10:35:41.729Z</time>
      </trkpt>
      <trkpt lat="47.724832" lon="12.653038">
        <ele>787.360475</ele>
        <time>2022-09-21T10:35:54.673Z</time>
      </trkpt>
      <trkpt lat="47.724747" lon="12.653103">
        <ele>789.957455</ele>
        <time>2022-09-21T10:36:04.669Z</time>
      </trkpt>
      <trkpt lat="47.724658" lon="12.653138">
        <ele>792.458652</ele>
        <time>2022-09-21T10:36:16.662Z</time>
      </trkpt>
      <trkpt lat="47.724583" lon="12.653013">
        <ele>795.519883</ele>
        <time>2022-09-21T10:36:39.670Z</time>
      </trkpt>
      <trkpt lat="47.724517" lon="12.652923">
        <ele>797.953178</ele>
        <time>2022-09-21T10:36:45.729Z</time>
      </trkpt>
      <trkpt lat="47.724468" lon="12.652808">
        <ele>800.441097</ele>
        <time>2022-09-21T10:36:56.729Z</time>
      </trkpt>
      <trkpt lat="47.724405" lon="12.652710">
        <ele>802.918525</ele>
        <time>2022-09-21T10:37:12.669Z</time>
      </trkpt>
      <trkpt lat="47.724325" lon="12.652630">
        <ele>805.538041</ele>
        <time>2022-09-21T10:37:33.674Z</time>
      </trkpt>
      <trkpt lat="47.724277" lon="12.652503">
        <ele>808.200405</ele>
        <time>2022-09-21T10:37:48.692Z</time>
      </trkpt>
      <trkpt lat="47.724242" lon="12.652370">
        <ele>810.053645</ele>
        <time>2022-09-21T10:38:00.656Z</time>
      </trkpt>
      <trkpt lat="47.724155" lon="12.652325">
        <ele>810.773308</ele>
        <time>2022-09-21T10:38:06.653Z</time>
      </trkpt>
      <trkpt lat="47.724128" lon="12.652520">
        <ele>811.819619</ele>
        <time>2022-09-21T10:38:53.659Z</time>
      </trkpt>
      <trkpt lat="47.724223" lon="12.652603">
        <ele>812.680508</ele>
        <time>2022-09-21T10:38:58.659Z</time>
      </trkpt>
      <trkpt lat="47.724313" lon="12.652595">
        <ele>813.384895</ele>
        <time>2022-09-21T10:39:04.632Z</time>
      </trkpt>
      <trkpt lat="47.724265" lon="12.652397">
        <ele>814.490995</ele>
        <time>2022-09-21T10:39:09.669Z</time>
      </trkpt>
      <trkpt lat="47.724205" lon="12.652267">
        <ele>815.319558</ele>
        <time>2022-09-21T10:39:14.653Z</time>
      </trkpt>
      <trkpt lat="47.724112" lon="12.652258">
        <ele>816.047665</ele>
        <time>2022-09-21T10:39:29.664Z</time>
      </trkpt>
      <trkpt lat="47.724022" lon="12.652265">
        <ele>816.751758</ele>
        <time>2022-09-21T10:39:41.673Z</time>
      </trkpt>
      <trkpt lat="47.723988" lon="12.652123">
        <ele>817.543908</ele>
        <time>2022-09-21T10:39:49.672Z</time>
      </trkpt>
      <trkpt lat="47.723917" lon="12.652042">
        <ele>818.243124</ele>
        <time>2022-09-21T10:40:04.673Z</time>
      </trkpt>
      <trkpt lat="47.723848" lon="12.651942">
        <ele>818.995986</ele>
        <time>2022-09-21T10:40:17.728Z</time>
      </trkpt>
      <trkpt lat="47.723808" lon="12.651817">
        <ele>819.723471</ele>
        <time>2022-09-21T10:40:26.667Z</time>
      </trkpt>
      <trkpt lat="47.723733" lon="12.651732">
        <ele>820.460282</ele>
        <time>2022-09-21T10:41:07.672Z</time>
      </trkpt>
      <trkpt lat="47.723683" lon="12.651592">
        <ele>821.293326</ele>
        <time>2022-09-21T10:41:16.675Z</time>
      </trkpt>
      <trkpt lat="47.723618" lon="12.651487">
        <ele>822.043259</ele>
        <time>2022-09-21T10:41:27.673Z</time>
      </trkpt>
      <trkpt lat="47.723525" lon="12.651498">
        <ele>822.772125</ele>
        <time>2022-09-21T10:41:39.674Z</time>
      </trkpt>
      <trkpt lat="47.723568" lon="12.651350">
        <ele>823.619397</ele>
        <time>2022-09-21T10:41:59.662Z</time>
      </trkpt>
      <trkpt lat="47.723627" lon="12.651230">
        <ele>826.119865</ele>
        <time>2022-09-21T10:42:02.672Z</time>
      </trkpt>
      <trkpt lat="47.723527" lon="12.651380">
        <ele>830.408101</ele>
        <time>2022-09-21T10:42:09.666Z</time>
      </trkpt>
      <trkpt lat="47.723443" lon="12.651295">
        <ele>833.475379</ele>
        <time>2022-09-21T10:42:13.672Z</time>
      </trkpt>
      <trkpt lat="47.723345" lon="12.651323">
        <ele>836.487686</ele>
        <time>2022-09-21T10:42:25.676Z</time>
      </trkpt>
      <trkpt lat="47.723257" lon="12.651293">
        <ele>839.212952</ele>
        <time>2022-09-21T10:42:37.674Z</time>
      </trkpt>
      <trkpt lat="47.723230" lon="12.651158">
        <ele>842.072855</ele>
        <time>2022-09-21T10:42:46.739Z</time>
      </trkpt>
      <trkpt lat="47.723160" lon="12.651067">
        <ele>844.879848</ele>
        <time>2022-09-21T10:42:59.671Z</time>
      </trkpt>
      <trkpt lat="47.723202" lon="12.650947">
        <ele>847.626649</ele>
        <time>2022-09-21T10:43:27.670Z</time>
      </trkpt>
      <trkpt lat="47.723132" lon="12.650850">
        <ele>850.515305</ele>
        <time>2022-09-21T10:44:18.670Z</time>
      </trkpt>
      <trkpt lat="47.723048" lon="12.650698">
        <ele>854.509770</ele>
        <time>2022-09-21T10:44:52.738Z</time>
      </trkpt>
      <trkpt lat="47.723008" lon="12.650572">
        <ele>857.338928</ele>
        <time>2022-09-21T10:45:09.673Z</time>
      </trkpt>
      <trkpt lat="47.722938" lon="12.650483">
        <ele>860.119359</ele>
        <time>2022-09-21T10:45:27.660Z</time>
      </trkpt>
      <trkpt lat="47.722923" lon="12.650348">
        <ele>862.897832</ele>
        <time>2022-09-21T10:46:13.672Z</time>
      </trkpt>
      <trkpt lat="47.722903" lon="12.650210">
        <ele>865.764377</ele>
        <time>2022-09-21T10:46:43.666Z</time>
      </trkpt>
      <trkpt lat="47.722890" lon="12.650355">
        <ele>868.734806</ele>
        <time>2022-09-21T10:46:53.652Z</time>
      </trkpt>
      <trkpt lat="47.722882" lon="12.650210">
        <ele>871.689088</ele>
        <time>2022-09-21T10:47:17.673Z</time>
      </trkpt>
      <trkpt lat="47.722808" lon="12.650132">
        <ele>874.427366</ele>
        <time>2022-09-21T10:47:34.676Z</time>
      </trkpt>
      <trkpt lat="47.722722" lon="12.650065">
        <ele>877.358220</ele>
        <time>2022-09-21T10:47:49.677Z</time>
      </trkpt>
      <trkpt lat="47.722688" lon="12.649930">
        <ele>879.349631</ele>
        <time>2022-09-21T10:47:57.671Z</time>
      </trkpt>
      <trkpt lat="47.722762" lon="12.649840">
        <ele>881.003988</ele>
        <time>2022-09-21T10:48:24.674Z</time>
      </trkpt>
      <trkpt lat="47.722732" lon="12.649707">
        <ele>882.636806</ele>
        <time>2022-09-21T10:48:51.675Z</time>
      </trkpt>
      <trkpt lat="47.722692" lon="12.649327">
        <ele>887.113803</ele>
        <time>2022-09-21T10:49:45.672Z</time>
      </trkpt>
      <trkpt lat="47.722695" lon="12.649147">
        <ele>889.209635</ele>
        <time>2022-09-21T10:50:16.675Z</time>
      </trkpt>
      <trkpt lat="47.722655" lon="12.649013">
        <ele>890.916048</ele>
        <time>2022-09-21T10:50:28.672Z</time>
      </trkpt>
      <trkpt lat="47.722578" lon="12.648935">
        <ele>892.528307</ele>
        <time>2022-09-21T10:50:37.672Z</time>
      </trkpt>
      <trkpt lat="47.722550" lon="12.648798">
        <ele>894.194954</ele>
        <time>2022-09-21T10:50:48.672Z</time>
      </trkpt>
      <trkpt lat="47.722510" lon="12.648667">
        <ele>895.869513</ele>
        <time>2022-09-21T10:51:00.671Z</time>
      </trkpt>
      <trkpt lat="47.722475" lon="12.648543">
        <ele>897.434770</ele>
        <time>2022-09-21T10:51:09.673Z</time>
      </trkpt>
      <trkpt lat="47.722448" lon="12.648405">
        <ele>899.107646</ele>
        <time>2022-09-21T10:51:20.673Z</time>
      </trkpt>
      <trkpt lat="47.722445" lon="12.648263">
        <ele>900.761340</ele>
        <time>2022-09-21T10:51:29.733Z</time>
      </trkpt>
      <trkpt lat="47.722435" lon="12.648122">
        <ele>902.411675</ele>
        <time>2022-09-21T10:51:40.672Z</time>
      </trkpt>
      <trkpt lat="47.722388" lon="12.648005">
        <ele>903.997886</ele>
        <time>2022-09-21T10:51:55.675Z</time>
      </trkpt>
      <trkpt lat="47.722362" lon="12.647877">
        <ele>905.554244</ele>
        <time>2022-09-21T10:52:10.672Z</time>
      </trkpt>
      <trkpt lat="47.722312" lon="12.647763">
        <ele>907.138320</ele>
        <time>2022-09-21T10:52:27.671Z</time>
      </trkpt>
      <trkpt lat="47.722283" lon="12.647633">
        <ele>908.732551</ele>
        <time>2022-09-21T10:52:42.671Z</time>
      </trkpt>
      <trkpt lat="47.722253" lon="12.647505">
        <ele>909.041871</ele>
        <time>2022-09-21T10:53:01.672Z</time>
      </trkpt>
      <trkpt lat="47.722220" lon="12.647380">
        <ele>908.795817</ele>
        <time>2022-09-21T10:53:13.672Z</time>
      </trkpt>
      <trkpt lat="47.722200" lon="12.647243">
        <ele>908.538939</ele>
        <time>2022-09-21T10:53:27.672Z</time>
      </trkpt>
      <trkpt lat="47.722140" lon="12.647087">
        <ele>908.209667</ele>
        <time>2022-09-21T10:54:16.731Z</time>
      </trkpt>
      <trkpt lat="47.722047" lon="12.647087">
        <ele>907.956352</ele>
        <time>2022-09-21T10:54:28.729Z</time>
      </trkpt>
      <trkpt lat="47.721993" lon="12.646973">
        <ele>907.700872</ele>
        <time>2022-09-21T10:54:40.637Z</time>
      </trkpt>
      <trkpt lat="47.721943" lon="12.646858">
        <ele>907.449968</ele>
        <time>2022-09-21T10:54:48.672Z</time>
      </trkpt>
      <trkpt lat="47.721903" lon="12.646738">
        <ele>907.204569</ele>
        <time>2022-09-21T10:54:59.670Z</time>
      </trkpt>
      <trkpt lat="47.721897" lon="12.646590">
        <ele>906.932883</ele>
        <time>2022-09-21T10:55:09.635Z</time>
      </trkpt>
      <trkpt lat="47.721752" lon="12.646505">
        <ele>906.508328</ele>
        <time>2022-09-21T10:56:18.739Z</time>
      </trkpt>
      <trkpt lat="47.721665" lon="12.646467">
        <ele>906.261338</ele>
        <time>2022-09-21T10:56:37.675Z</time>
      </trkpt>
      <trkpt lat="47.721600" lon="12.646353">
        <ele>905.987509</ele>
        <time>2022-09-21T10:56:50.674Z</time>
      </trkpt>
      <trkpt lat="47.721555" lon="12.646235">
        <ele>905.738960</ele>
        <time>2022-09-21T10:56:58.676Z</time>
      </trkpt>
      <trkpt lat="47.721502" lon="12.646125">
        <ele>905.491031</ele>
        <time>2022-09-21T10:57:12.675Z</time>
      </trkpt>
      <trkpt lat="47.721443" lon="12.646017">
        <ele>905.236099</ele>
        <time>2022-09-21T10:57:24.679Z</time>
      </trkpt>
      <trkpt lat="47.721388" lon="12.645887">
        <ele>904.954695</ele>
        <time>2022-09-21T10:57:34.677Z</time>
      </trkpt>
      <trkpt lat="47.721318" lon="12.645787">
        <ele>904.690250</ele>
        <time>2022-09-21T10:57:44.678Z</time>
      </trkpt>
      <trkpt lat="47.721265" lon="12.645665">
        <ele>904.424136</ele>
        <time>2022-09-21T10:57:55.676Z</time>
      </trkpt>
      <trkpt lat="47.721210" lon="12.645530">
        <ele>904.306509</ele>
        <time>2022-09-21T10:58:09.682Z</time>
      </trkpt>
      <trkpt lat="47.721175" lon="12.645400">
        <ele>904.294110</ele>
        <time>2022-09-21T10:58:15.676Z</time>
      </trkpt>
      <trkpt lat="47.721108" lon="12.645300">
        <ele>904.281612</ele>
        <time>2022-09-21T10:58:24.677Z</time>
      </trkpt>
      <trkpt lat="47.721050" lon="12.645195">
        <ele>904.269581</ele>
        <time>2022-09-21T10:58:33.675Z</time>
      </trkpt>
      <trkpt lat="47.720995" lon="12.645080">
        <ele>904.257087</ele>
        <time>2022-09-21T10:58:45.677Z</time>
      </trkpt>
      <trkpt lat="47.720948" lon="12.644965">
        <ele>904.245171</ele>
        <time>2022-09-21T10:58:54.677Z</time>
      </trkpt>
      <trkpt lat="47.720920" lon="12.644833">
        <ele>904.232915</ele>
        <time>2022-09-21T10:59:06.680Z</time>
      </trkpt>
      <trkpt lat="47.720838" lon="12.644772">
        <ele>904.220845</ele>
        <time>2022-09-21T10:59:49.667Z</time>
      </trkpt>
      <trkpt lat="47.720815" lon="12.644633">
        <ele>904.208169</ele>
        <time>2022-09-21T11:00:08.708Z</time>
      </trkpt>
      <trkpt lat="47.720835" lon="12.644498">
        <ele>904.195928</ele>
        <time>2022-09-21T11:00:19.670Z</time>
      </trkpt>
      <trkpt lat="47.720745" lon="12.644497">
        <ele>904.184081</ele>
        <time>2022-09-21T11:00:38.677Z</time>
      </trkpt>
      <trkpt lat="47.720660" lon="12.644437">
        <ele>904.171695</ele>
        <time>2022-09-21T11:00:49.740Z</time>
      </trkpt>
      <trkpt lat="47.720668" lon="12.644300">
        <ele>904.159518</ele>
        <time>2022-09-21T11:01:04.674Z</time>
      </trkpt>
      <trkpt lat="47.720660" lon="12.644167">
        <ele>904.147693</ele>
        <time>2022-09-21T11:01:17.675Z</time>
      </trkpt>
      <trkpt lat="47.720633" lon="12.644030">
        <ele>904.135051</ele>
        <time>2022-09-21T11:01:30.741Z</time>
      </trkpt>
      <trkpt lat="47.720615" lon="12.643892">
        <ele>904.122603</ele>
        <time>2022-09-21T11:01:43.679Z</time>
      </trkpt>
      <trkpt lat="47.720567" lon="12.643777">
        <ele>904.110619</ele>
        <time>2022-09-21T11:02:00.676Z</time>
      </trkpt>
      <trkpt lat="47.720530" lon="12.643632">
        <ele>904.096886</ele>
        <time>2022-09-21T11:02:10.678Z</time>
      </trkpt>
      <trkpt lat="47.720522" lon="12.643493">
        <ele>904.084532</ele>
        <time>2022-09-21T11:02:21.678Z</time>
      </trkpt>
      <trkpt lat="47.720495" lon="12.643352">
        <ele>904.380558</ele>
        <time>2022-09-21T11:02:33.676Z</time>
      </trkpt>
      <trkpt lat="47.720458" lon="12.643218">
        <ele>904.940785</ele>
        <time>2022-09-21T11:02:43.677Z</time>
      </trkpt>
      <trkpt lat="47.720457" lon="12.643078">
        <ele>905.482294</ele>
        <time>2022-09-21T11:02:54.677Z</time>
      </trkpt>
      <trkpt lat="47.720470" lon="12.642942">
        <ele>906.013585</ele>
        <time>2022-09-21T11:03:07.674Z</time>
      </trkpt>
      <trkpt lat="47.720468" lon="12.642802">
        <ele>906.555185</ele>
        <time>2022-09-21T11:03:21.678Z</time>
      </trkpt>
      <trkpt lat="47.720405" lon="12.642690">
        <ele>907.119837</ele>
        <time>2022-09-21T11:03:34.676Z</time>
      </trkpt>
      <trkpt lat="47.720362" lon="12.642570">
        <ele>907.645694</ele>
        <time>2022-09-21T11:03:55.630Z</time>
      </trkpt>
      <trkpt lat="47.720345" lon="12.642427">
        <ele>908.207346</ele>
        <time>2022-09-21T11:04:07.649Z</time>
      </trkpt>
      <trkpt lat="47.720330" lon="12.642290">
        <ele>908.744194</ele>
        <time>2022-09-21T11:04:15.670Z</time>
      </trkpt>
      <trkpt lat="47.720270" lon="12.642173">
        <ele>909.313198</ele>
        <time>2022-09-21T11:04:26.669Z</time>
      </trkpt>
      <trkpt lat="47.720208" lon="12.642063">
        <ele>909.868229</ele>
        <time>2022-09-21T11:04:33.675Z</time>
      </trkpt>
      <trkpt lat="47.720150" lon="12.641948">
        <ele>910.424128</ele>
        <time>2022-09-21T11:04:41.666Z</time>
      </trkpt>
      <trkpt lat="47.720085" lon="12.641818">
        <ele>911.050593</ele>
        <time>2022-09-21T11:05:23.734Z</time>
      </trkpt>
      <trkpt lat="47.720035" lon="12.641705">
        <ele>911.573706</ele>
        <time>2022-09-21T11:05:36.669Z</time>
      </trkpt>
      <trkpt lat="47.720013" lon="12.641565">
        <ele>912.129764</ele>
        <time>2022-09-21T11:05:50.670Z</time>
      </trkpt>
      <trkpt lat="47.720033" lon="12.641425">
        <ele>912.683321</ele>
        <time>2022-09-21T11:06:37.640Z</time>
      </trkpt>
      <trkpt lat="47.720010" lon="12.641287">
        <ele>913.233204</ele>
        <time>2022-09-21T11:06:44.669Z</time>
      </trkpt>
      <trkpt lat="47.719940" lon="12.641198">
        <ele>913.762778</ele>
        <time>2022-09-21T11:06:56.666Z</time>
      </trkpt>
      <trkpt lat="47.719888" lon="12.641083">
        <ele>914.298700</ele>
        <time>2022-09-21T11:07:06.673Z</time>
      </trkpt>
      <trkpt lat="47.719877" lon="12.640938">
        <ele>916.018462</ele>
        <time>2022-09-21T11:07:17.661Z</time>
      </trkpt>
      <trkpt lat="47.719858" lon="12.640803">
        <ele>917.940013</ele>
        <time>2022-09-21T11:07:30.640Z</time>
      </trkpt>
      <trkpt lat="47.719835" lon="12.640670">
        <ele>919.853221</ele>
        <time>2022-09-21T11:07:49.688Z</time>
      </trkpt>
      <trkpt lat="47.719832" lon="12.640525">
        <ele>921.874333</ele>
        <time>2022-09-21T11:08:03.637Z</time>
      </trkpt>
      <trkpt lat="47.719817" lon="12.640390">
        <ele>923.780648</ele>
        <time>2022-09-21T11:08:12.637Z</time>
      </trkpt>
      <trkpt lat="47.719803" lon="12.640255">
        <ele>925.683698</ele>
        <time>2022-09-21T11:08:22.643Z</time>
      </trkpt>
      <trkpt lat="47.719797" lon="12.640122">
        <ele>927.540831</ele>
        <time>2022-09-21T11:08:33.662Z</time>
      </trkpt>
      <trkpt lat="47.719805" lon="12.639973">
        <ele>929.623318</ele>
        <time>2022-09-21T11:08:48.660Z</time>
      </trkpt>
      <trkpt lat="47.719808" lon="12.639838">
        <ele>931.505180</ele>
        <time>2022-09-21T11:08:58.660Z</time>
      </trkpt>
      <trkpt lat="47.719820" lon="12.639695">
        <ele>933.512911</ele>
        <time>2022-09-21T11:09:12.660Z</time>
      </trkpt>
      <trkpt lat="47.719828" lon="12.639545">
        <ele>935.609285</ele>
        <time>2022-09-21T11:09:22.663Z</time>
      </trkpt>
      <trkpt lat="47.719840" lon="12.639407">
        <ele>937.547910</ele>
        <time>2022-09-21T11:09:33.637Z</time>
      </trkpt>
      <trkpt lat="47.719857" lon="12.639270">
        <ele>939.488805</ele>
        <time>2022-09-21T11:09:43.663Z</time>
      </trkpt>
      <trkpt lat="47.719838" lon="12.639130">
        <ele>941.478592</ele>
        <time>2022-09-21T11:09:56.669Z</time>
      </trkpt>
      <trkpt lat="47.719952" lon="12.639183">
        <ele>943.952199</ele>
        <time>2022-09-21T11:10:30.648Z</time>
      </trkpt>
      <trkpt lat="47.720010" lon="12.639297">
        <ele>945.943493</ele>
        <time>2022-09-21T11:10:43.665Z</time>
      </trkpt>
      <trkpt lat="47.720058" lon="12.639427">
        <ele>948.009511</ele>
        <time>2022-09-21T11:11:08.643Z</time>
      </trkpt>
      <trkpt lat="47.720050" lon="12.639563">
        <ele>949.911499</ele>
        <time>2022-09-21T11:11:29.635Z</time>
      </trkpt>
      <trkpt lat="47.720118" lon="12.639672">
        <ele>952.013157</ele>
        <time>2022-09-21T11:11:43.643Z</time>
      </trkpt>
      <trkpt lat="47.720180" lon="12.639770">
        <ele>954.069364</ele>
        <time>2022-09-21T11:11:54.638Z</time>
      </trkpt>
      <trkpt lat="47.720200" lon="12.639998">
        <ele>957.583805</ele>
        <time>2022-09-21T11:12:19.675Z</time>
      </trkpt>
      <trkpt lat="47.720163" lon="12.639865">
        <ele>959.783641</ele>
        <time>2022-09-21T11:12:43.668Z</time>
      </trkpt>
      <trkpt lat="47.720218" lon="12.639757">
        <ele>961.854026</ele>
        <time>2022-09-21T11:12:55.634Z</time>
      </trkpt>
      <trkpt lat="47.720208" lon="12.639623">
        <ele>963.914755</ele>
        <time>2022-09-21T11:13:12.665Z</time>
      </trkpt>
      <trkpt lat="47.720242" lon="12.639482">
        <ele>966.204172</ele>
        <time>2022-09-21T11:13:31.638Z</time>
      </trkpt>
      <trkpt lat="47.720270" lon="12.639348">
        <ele>968.348856</ele>
        <time>2022-09-21T11:13:44.662Z</time>
      </trkpt>
      <trkpt lat="47.720280" lon="12.639203">
        <ele>970.576768</ele>
        <time>2022-09-21T11:13:58.638Z</time>
      </trkpt>
      <trkpt lat="47.720258" lon="12.639057">
        <ele>972.863642</ele>
        <time>2022-09-21T11:14:13.663Z</time>
      </trkpt>
      <trkpt lat="47.720290" lon="12.638890">
        <ele>975.517725</ele>
        <time>2022-09-21T11:15:09.720Z</time>
      </trkpt>
      <trkpt lat="47.720268" lon="12.638758">
        <ele>977.596311</ele>
        <time>2022-09-21T11:15:21.728Z</time>
      </trkpt>
      <trkpt lat="47.720283" lon="12.638623">
        <ele>979.687713</ele>
        <time>2022-09-21T11:15:37.676Z</time>
      </trkpt>
      <trkpt lat="47.720283" lon="12.638477">
        <ele>981.919294</ele>
        <time>2022-09-21T11:15:51.733Z</time>
      </trkpt>
      <trkpt lat="47.720282" lon="12.638338">
        <ele>984.044003</ele>
        <time>2022-09-21T11:16:02.672Z</time>
      </trkpt>
      <trkpt lat="47.720290" lon="12.638203">
        <ele>986.115441</ele>
        <time>2022-09-21T11:16:15.734Z</time>
      </trkpt>
      <trkpt lat="47.720300" lon="12.638058">
        <ele>988.343351</ele>
        <time>2022-09-21T11:16:28.674Z</time>
      </trkpt>
      <trkpt lat="47.720268" lon="12.637930">
        <ele>990.430525</ele>
        <time>2022-09-21T11:16:47.673Z</time>
      </trkpt>
      <trkpt lat="47.720282" lon="12.637795">
        <ele>992.518346</ele>
        <time>2022-09-21T11:16:59.675Z</time>
      </trkpt>
      <trkpt lat="47.720293" lon="12.637655">
        <ele>994.311282</ele>
        <time>2022-09-21T11:17:12.674Z</time>
      </trkpt>
      <trkpt lat="47.720270" lon="12.637513">
        <ele>996.166764</ele>
        <time>2022-09-21T11:17:24.677Z</time>
      </trkpt>
      <trkpt lat="47.720220" lon="12.637385">
        <ele>998.047082</ele>
        <time>2022-09-21T11:17:37.675Z</time>
      </trkpt>
      <trkpt lat="47.720218" lon="12.637237">
        <ele>999.927621</ele>
        <time>2022-09-21T11:17:49.673Z</time>
      </trkpt>
      <trkpt lat="47.720185" lon="12.637102">
        <ele>1001.752335</ele>
        <time>2022-09-21T11:17:59.674Z</time>
      </trkpt>
      <trkpt lat="47.720170" lon="12.636963">
        <ele>1003.540736</ele>
        <time>2022-09-21T11:18:14.731Z</time>
      </trkpt>
      <trkpt lat="47.720102" lon="12.636853">
        <ele>1005.438525</ele>
        <time>2022-09-21T11:18:40.674Z</time>
      </trkpt>
      <trkpt lat="47.720057" lon="12.636728">
        <ele>1007.239565</ele>
        <time>2022-09-21T11:18:50.732Z</time>
      </trkpt>
      <trkpt lat="47.720058" lon="12.636590">
        <ele>1008.992795</ele>
        <time>2022-09-21T11:18:57.675Z</time>
      </trkpt>
      <trkpt lat="47.720078" lon="12.636445">
        <ele>1010.873166</ele>
        <time>2022-09-21T11:19:08.732Z</time>
      </trkpt>
      <trkpt lat="47.720100" lon="12.636313">
        <ele>1012.600762</ele>
        <time>2022-09-21T11:19:18.672Z</time>
      </trkpt>
      <trkpt lat="47.720135" lon="12.636175">
        <ele>1014.474331</ele>
        <time>2022-09-21T11:19:29.670Z</time>
      </trkpt>
      <trkpt lat="47.720148" lon="12.636040">
        <ele>1016.206824</ele>
        <time>2022-09-21T11:19:43.671Z</time>
      </trkpt>
      <trkpt lat="47.720157" lon="12.635905">
        <ele>1017.930237</ele>
        <time>2022-09-21T11:19:55.636Z</time>
      </trkpt>
      <trkpt lat="47.720195" lon="12.635783">
        <ele>1019.638153</ele>
        <time>2022-09-21T11:20:13.672Z</time>
      </trkpt>
      <trkpt lat="47.720165" lon="12.635655">
        <ele>1021.360093</ele>
        <time>2022-09-21T11:20:27.671Z</time>
      </trkpt>
      <trkpt lat="47.720182" lon="12.635523">
        <ele>1023.067444</ele>
        <time>2022-09-21T11:20:41.670Z</time>
      </trkpt>
      <trkpt lat="47.720197" lon="12.635388">
        <ele>1024.805689</ele>
        <time>2022-09-21T11:20:53.645Z</time>
      </trkpt>
      <trkpt lat="47.720232" lon="12.635258">
        <ele>1026.568682</ele>
        <time>2022-09-21T11:21:08.669Z</time>
      </trkpt>
      <trkpt lat="47.720235" lon="12.635115">
        <ele>1028.059358</ele>
        <time>2022-09-21T11:21:18.665Z</time>
      </trkpt>
      <trkpt lat="47.720205" lon="12.634987">
        <ele>1029.471639</ele>
        <time>2022-09-21T11:21:32.727Z</time>
      </trkpt>
      <trkpt lat="47.720155" lon="12.634873">
        <ele>1030.889566</ele>
        <time>2022-09-21T11:21:45.671Z</time>
      </trkpt>
      <trkpt lat="47.720092" lon="12.634765">
        <ele>1032.378953</ele>
        <time>2022-09-21T11:24:09.672Z</time>
      </trkpt>
      <trkpt lat="47.720073" lon="12.634620">
        <ele>1033.918139</ele>
        <time>2022-09-21T11:24:18.675Z</time>
      </trkpt>
      <trkpt lat="47.720108" lon="12.634495">
        <ele>1035.328849</ele>
        <time>2022-09-21T11:24:29.672Z</time>
      </trkpt>
      <trkpt lat="47.720145" lon="12.634372">
        <ele>1036.732699</ele>
        <time>2022-09-21T11:24:39.673Z</time>
      </trkpt>
      <trkpt lat="47.720187" lon="12.634250">
        <ele>1038.160614</ele>
        <time>2022-09-21T11:24:51.672Z</time>
      </trkpt>
      <trkpt lat="47.720157" lon="12.634120">
        <ele>1039.592591</ele>
        <time>2022-09-21T11:25:06.718Z</time>
      </trkpt>
      <trkpt lat="47.720115" lon="12.633987">
        <ele>1041.123426</ele>
        <time>2022-09-21T11:25:15.673Z</time>
      </trkpt>
      <trkpt lat="47.720148" lon="12.633858">
        <ele>1042.561403</ele>
        <time>2022-09-21T11:25:21.675Z</time>
      </trkpt>
      <trkpt lat="47.720237" lon="12.633788">
        <ele>1044.120859</ele>
        <time>2022-09-21T11:25:42.667Z</time>
      </trkpt>
      <trkpt lat="47.720278" lon="12.633658">
        <ele>1045.616815</ele>
        <time>2022-09-21T11:25:49.676Z</time>
      </trkpt>
      <trkpt lat="47.720268" lon="12.633522">
        <ele>1047.042271</ele>
        <time>2022-09-21T11:26:03.673Z</time>
      </trkpt>
      <trkpt lat="47.720378" lon="12.633370">
        <ele>1049.368324</ele>
        <time>2022-09-21T11:26:50.656Z</time>
      </trkpt>
      <trkpt lat="47.720322" lon="12.633257">
        <ele>1050.830656</ele>
        <time>2022-09-21T11:27:16.673Z</time>
      </trkpt>
      <trkpt lat="47.720367" lon="12.633133">
        <ele>1052.298630</ele>
        <time>2022-09-21T11:27:46.672Z</time>
      </trkpt>
      <trkpt lat="47.720448" lon="12.633058">
        <ele>1053.776599</ele>
        <time>2022-09-21T11:27:57.671Z</time>
      </trkpt>
      <trkpt lat="47.720465" lon="12.632920">
        <ele>1055.124480</ele>
        <time>2022-09-21T11:28:23.671Z</time>
      </trkpt>
      <trkpt lat="47.720450" lon="12.632787">
        <ele>1056.348853</ele>
        <time>2022-09-21T11:28:46.643Z</time>
      </trkpt>
      <trkpt lat="47.720462" lon="12.632650">
        <ele>1057.603191</ele>
        <time>2022-09-21T11:28:58.670Z</time>
      </trkpt>
      <trkpt lat="47.720440" lon="12.632512">
        <ele>1058.890807</ele>
        <time>2022-09-21T11:29:10.671Z</time>
      </trkpt>
      <trkpt lat="47.720383" lon="12.632390">
        <ele>1060.239375</ele>
        <time>2022-09-21T11:29:23.673Z</time>
      </trkpt>
      <trkpt lat="47.720350" lon="12.632260">
        <ele>1061.500889</ele>
        <time>2022-09-21T11:29:32.670Z</time>
      </trkpt>
      <trkpt lat="47.720332" lon="12.632120">
        <ele>1062.794973</ele>
        <time>2022-09-21T11:29:56.672Z</time>
      </trkpt>
      <trkpt lat="47.720290" lon="12.631992">
        <ele>1064.087963</ele>
        <time>2022-09-21T11:30:19.672Z</time>
      </trkpt>
      <trkpt lat="47.720267" lon="12.631638">
        <ele>1067.316935</ele>
        <time>2022-09-21T11:33:14.676Z</time>
      </trkpt>
      <trkpt lat="47.720305" lon="12.631475">
        <ele>1068.883174</ele>
        <time>2022-09-21T11:34:14.676Z</time>
      </trkpt>
      <trkpt lat="47.720292" lon="12.631342">
        <ele>1070.103379</ele>
        <time>2022-09-21T11:34:37.664Z</time>
      </trkpt>
      <trkpt lat="47.720260" lon="12.631215">
        <ele>1071.334650</ele>
        <time>2022-09-21T11:34:50.726Z</time>
      </trkpt>
      <trkpt lat="47.720242" lon="12.631080">
        <ele>1072.584176</ele>
        <time>2022-09-21T11:35:05.679Z</time>
      </trkpt>
      <trkpt lat="47.720193" lon="12.630957">
        <ele>1073.882019</ele>
        <time>2022-09-21T11:35:17.675Z</time>
      </trkpt>
      <trkpt lat="47.720167" lon="12.630827">
        <ele>1075.113363</ele>
        <time>2022-09-21T11:35:43.743Z</time>
      </trkpt>
      <trkpt lat="47.720182" lon="12.630690">
        <ele>1076.373574</ele>
        <time>2022-09-21T11:35:51.679Z</time>
      </trkpt>
      <trkpt lat="47.720250" lon="12.630503">
        <ele>1078.303523</ele>
        <time>2022-09-21T11:36:24.742Z</time>
      </trkpt>
      <trkpt lat="47.720322" lon="12.630393">
        <ele>1079.930024</ele>
        <time>2022-09-21T11:36:34.659Z</time>
      </trkpt>
      <trkpt lat="47.720412" lon="12.630375">
        <ele>1081.422486</ele>
        <time>2022-09-21T11:36:42.680Z</time>
      </trkpt>
      <trkpt lat="47.720502" lon="12.630315">
        <ele>1083.043573</ele>
        <time>2022-09-21T11:37:15.636Z</time>
      </trkpt>
      <trkpt lat="47.720592" lon="12.630293">
        <ele>1084.542573</ele>
        <time>2022-09-21T11:37:29.643Z</time>
      </trkpt>
      <trkpt lat="47.720657" lon="12.630195">
        <ele>1086.064161</ele>
        <time>2022-09-21T11:37:52.672Z</time>
      </trkpt>
      <trkpt lat="47.720747" lon="12.630135">
        <ele>1087.685246</ele>
        <time>2022-09-21T11:38:00.673Z</time>
      </trkpt>
      <trkpt lat="47.720863" lon="12.630143">
        <ele>1089.593735</ele>
        <time>2022-09-21T11:38:33.656Z</time>
      </trkpt>
      <trkpt lat="47.720905" lon="12.630015">
        <ele>1091.168317</ele>
        <time>2022-09-21T11:38:41.673Z</time>
      </trkpt>
      <trkpt lat="47.720937" lon="12.629875">
        <ele>1092.803116</ele>
        <time>2022-09-21T11:38:48.678Z</time>
      </trkpt>
      <trkpt lat="47.720947" lon="12.629733">
        <ele>1094.381702</ele>
        <time>2022-09-21T11:38:58.736Z</time>
      </trkpt>
      <trkpt lat="47.721005" lon="12.629620">
        <ele>1095.953184</ele>
        <time>2022-09-21T11:39:14.679Z</time>
      </trkpt>
      <trkpt lat="47.721065" lon="12.629507">
        <ele>1097.544817</ele>
        <time>2022-09-21T11:39:24.678Z</time>
      </trkpt>
      <trkpt lat="47.721132" lon="12.629417">
        <ele>1099.028954</ele>
        <time>2022-09-21T11:39:36.678Z</time>
      </trkpt>
      <trkpt lat="47.721203" lon="12.629335">
        <ele>1100.506638</ele>
        <time>2022-09-21T11:39:46.678Z</time>
      </trkpt>
      <trkpt lat="47.721213" lon="12.629197">
        <ele>1102.041238</ele>
        <time>2022-09-21T11:40:00.675Z</time>
      </trkpt>
      <trkpt lat="47.721273" lon="12.629095">
        <ele>1103.539297</ele>
        <time>2022-09-21T11:40:18.676Z</time>
      </trkpt>
      <trkpt lat="47.721252" lon="12.628953">
        <ele>1105.146783</ele>
        <time>2022-09-21T11:40:30.641Z</time>
      </trkpt>
      <trkpt lat="47.721223" lon="12.628823">
        <ele>1106.661066</ele>
        <time>2022-09-21T11:40:41.678Z</time>
      </trkpt>
      <trkpt lat="47.721213" lon="12.628690">
        <ele>1108.140714</ele>
        <time>2022-09-21T11:40:53.671Z</time>
      </trkpt>
      <trkpt lat="47.721230" lon="12.628558">
        <ele>1109.484038</ele>
        <time>2022-09-21T11:41:08.677Z</time>
      </trkpt>
      <trkpt lat="47.721337" lon="12.628365">
        <ele>1111.975222</ele>
        <time>2022-09-21T11:41:38.752Z</time>
      </trkpt>
      <trkpt lat="47.721390" lon="12.628245">
        <ele>1113.405131</ele>
        <time>2022-09-21T11:41:47.727Z</time>
      </trkpt>
      <trkpt lat="47.721435" lon="12.628128">
        <ele>1114.747594</ele>
        <time>2022-09-21T11:41:58.680Z</time>
      </trkpt>
      <trkpt lat="47.721480" lon="12.628012">
        <ele>1116.081417</ele>
        <time>2022-09-21T11:42:19.681Z</time>
      </trkpt>
      <trkpt lat="47.721558" lon="12.627937">
        <ele>1117.456906</ele>
        <time>2022-09-21T11:42:30.677Z</time>
      </trkpt>
      <trkpt lat="47.721633" lon="12.627842">
        <ele>1118.915909</ele>
        <time>2022-09-21T11:42:45.679Z</time>
      </trkpt>
      <trkpt lat="47.721697" lon="12.627737">
        <ele>1120.327260</ele>
        <time>2022-09-21T11:42:57.657Z</time>
      </trkpt>
      <trkpt lat="47.721757" lon="12.627630">
        <ele>1121.714789</ele>
        <time>2022-09-21T11:43:20.674Z</time>
      </trkpt>
      <trkpt lat="47.721742" lon="12.627487">
        <ele>1123.156416</ele>
        <time>2022-09-21T11:43:29.672Z</time>
      </trkpt>
      <trkpt lat="47.721770" lon="12.627358">
        <ele>1124.506606</ele>
        <time>2022-09-21T11:43:38.676Z</time>
      </trkpt>
      <trkpt lat="47.721793" lon="12.627228">
        <ele>1125.845561</ele>
        <time>2022-09-21T11:43:49.676Z</time>
      </trkpt>
      <trkpt lat="47.721833" lon="12.627107">
        <ele>1127.188493</ele>
        <time>2022-09-21T11:44:03.734Z</time>
      </trkpt>
      <trkpt lat="47.721885" lon="12.626993">
        <ele>1128.560458</ele>
        <time>2022-09-21T11:44:12.673Z</time>
      </trkpt>
      <trkpt lat="47.721930" lon="12.626868">
        <ele>1129.972644</ele>
        <time>2022-09-21T11:44:22.674Z</time>
      </trkpt>
      <trkpt lat="47.721940" lon="12.626730">
        <ele>1131.355202</ele>
        <time>2022-09-21T11:44:33.731Z</time>
      </trkpt>
      <trkpt lat="47.721930" lon="12.626590">
        <ele>1132.757569</ele>
        <time>2022-09-21T11:44:49.674Z</time>
      </trkpt>
      <trkpt lat="47.721915" lon="12.626453">
        <ele>1134.140170</ele>
        <time>2022-09-21T11:45:02.734Z</time>
      </trkpt>
      <trkpt lat="47.721962" lon="12.626323">
        <ele>1135.807832</ele>
        <time>2022-09-21T11:45:14.676Z</time>
      </trkpt>
      <trkpt lat="47.721955" lon="12.626178">
        <ele>1137.617503</ele>
        <time>2022-09-21T11:45:23.674Z</time>
      </trkpt>
      <trkpt lat="47.721950" lon="12.626038">
        <ele>1139.362744</ele>
        <time>2022-09-21T11:45:33.674Z</time>
      </trkpt>
      <trkpt lat="47.721885" lon="12.625937">
        <ele>1141.102715</ele>
        <time>2022-09-21T11:45:44.647Z</time>
      </trkpt>
      <trkpt lat="47.721898" lon="12.625800">
        <ele>1142.825041</ele>
        <time>2022-09-21T11:45:56.672Z</time>
      </trkpt>
      <trkpt lat="47.721852" lon="12.625682">
        <ele>1144.522770</ele>
        <time>2022-09-21T11:46:06.673Z</time>
      </trkpt>
      <trkpt lat="47.721785" lon="12.625592">
        <ele>1146.193793</ele>
        <time>2022-09-21T11:46:19.673Z</time>
      </trkpt>
      <trkpt lat="47.721710" lon="12.625497">
        <ele>1148.017155</ele>
        <time>2022-09-21T11:47:02.641Z</time>
      </trkpt>
      <trkpt lat="47.721635" lon="12.625398">
        <ele>1149.873201</ele>
        <time>2022-09-21T11:47:12.643Z</time>
      </trkpt>
      <trkpt lat="47.721585" lon="12.625285">
        <ele>1151.556889</ele>
        <time>2022-09-21T11:47:22.672Z</time>
      </trkpt>
      <trkpt lat="47.721517" lon="12.625173">
        <ele>1153.434981</ele>
        <time>2022-09-21T11:47:29.679Z</time>
      </trkpt>
      <trkpt lat="47.721458" lon="12.625048">
        <ele>1155.335852</ele>
        <time>2022-09-21T11:47:38.677Z</time>
      </trkpt>
      <trkpt lat="47.721427" lon="12.624913">
        <ele>1157.111619</ele>
        <time>2022-09-21T11:47:53.680Z</time>
      </trkpt>
      <trkpt lat="47.721428" lon="12.624773">
        <ele>1158.854522</ele>
        <time>2022-09-21T11:48:03.677Z</time>
      </trkpt>
      <trkpt lat="47.721450" lon="12.624635">
        <ele>1160.620006</ele>
        <time>2022-09-21T11:48:12.676Z</time>
      </trkpt>
      <trkpt lat="47.721447" lon="12.624493">
        <ele>1162.388578</ele>
        <time>2022-09-21T11:48:23.676Z</time>
      </trkpt>
      <trkpt lat="47.721405" lon="12.624368">
        <ele>1164.127943</ele>
        <time>2022-09-21T11:48:34.676Z</time>
      </trkpt>
      <trkpt lat="47.721340" lon="12.624262">
        <ele>1165.913419</ele>
        <time>2022-09-21T11:48:44.738Z</time>
      </trkpt>
      <trkpt lat="47.721288" lon="12.624150">
        <ele>1167.607471</ele>
        <time>2022-09-21T11:48:55.739Z</time>
      </trkpt>
      <trkpt lat="47.721253" lon="12.624015">
        <ele>1168.926959</ele>
        <time>2022-09-21T11:49:05.679Z</time>
      </trkpt>
      <trkpt lat="47.721208" lon="12.623885">
        <ele>1170.076167</ele>
        <time>2022-09-21T11:49:21.678Z</time>
      </trkpt>
      <trkpt lat="47.721210" lon="12.623745">
        <ele>1171.176891</ele>
        <time>2022-09-21T11:49:28.675Z</time>
      </trkpt>
      <trkpt lat="47.721227" lon="12.623602">
        <ele>1172.318363</ele>
        <time>2022-09-21T11:49:37.743Z</time>
      </trkpt>
      <trkpt lat="47.721227" lon="12.623457">
        <ele>1173.458141</ele>
        <time>2022-09-21T11:49:52.678Z</time>
      </trkpt>
      <trkpt lat="47.721220" lon="12.623313">
        <ele>1174.593010</ele>
        <time>2022-09-21T11:50:06.729Z</time>
      </trkpt>
      <trkpt lat="47.721237" lon="12.623177">
        <ele>1175.680340</ele>
        <time>2022-09-21T11:50:17.659Z</time>
      </trkpt>
      <trkpt lat="47.721242" lon="12.623033">
        <ele>1176.813763</ele>
        <time>2022-09-21T11:50:34.678Z</time>
      </trkpt>
      <trkpt lat="47.721275" lon="12.622900">
        <ele>1177.928054</ele>
        <time>2022-09-21T11:50:46.678Z</time>
      </trkpt>
      <trkpt lat="47.721313" lon="12.622773">
        <ele>1179.020628</ele>
        <time>2022-09-21T11:51:05.739Z</time>
      </trkpt>
      <trkpt lat="47.721352" lon="12.622648">
        <ele>1180.103720</ele>
        <time>2022-09-21T11:51:18.676Z</time>
      </trkpt>
      <trkpt lat="47.721435" lon="12.622572">
        <ele>1181.242757</ele>
        <time>2022-09-21T11:51:32.677Z</time>
      </trkpt>
      <trkpt lat="47.721527" lon="12.622582">
        <ele>1182.320591</ele>
        <time>2022-09-21T11:51:48.677Z</time>
      </trkpt>
      <trkpt lat="47.721613" lon="12.622647">
        <ele>1183.447884</ele>
        <time>2022-09-21T11:52:00.650Z</time>
      </trkpt>
      <trkpt lat="47.721690" lon="12.622718">
        <ele>1184.506621</ele>
        <time>2022-09-21T11:52:09.674Z</time>
      </trkpt>
      <trkpt lat="47.721780" lon="12.622757">
        <ele>1185.601988</ele>
        <time>2022-09-21T11:52:26.677Z</time>
      </trkpt>
      <trkpt lat="47.721857" lon="12.622835">
        <ele>1186.690733</ele>
        <time>2022-09-21T11:52:38.676Z</time>
      </trkpt>
      <trkpt lat="47.721945" lon="12.622897">
        <ele>1187.828606</ele>
        <time>2022-09-21T11:52:54.675Z</time>
      </trkpt>
      <trkpt lat="47.722038" lon="12.622927">
        <ele>1188.940547</ele>
        <time>2022-09-21T11:53:08.736Z</time>
      </trkpt>
      <trkpt lat="47.722132" lon="12.622923">
        <ele>1190.193094</ele>
        <time>2022-09-21T11:53:22.677Z</time>
      </trkpt>
      <trkpt lat="47.722223" lon="12.622878">
        <ele>1191.500679</ele>
        <time>2022-09-21T11:53:36.677Z</time>
      </trkpt>
      <trkpt lat="47.722298" lon="12.622792">
        <ele>1192.792148</ele>
        <time>2022-09-21T11:53:46.676Z</time>
      </trkpt>
      <trkpt lat="47.722367" lon="12.622698">
        <ele>1194.068244</ele>
        <time>2022-09-21T11:53:59.673Z</time>
      </trkpt>
      <trkpt lat="47.722442" lon="12.622773">
        <ele>1195.300679</ele>
        <time>2022-09-21T11:54:34.671Z</time>
      </trkpt>
      <trkpt lat="47.722512" lon="12.622667">
        <ele>1196.663091</ele>
        <time>2022-09-21T11:54:48.671Z</time>
      </trkpt>
      <trkpt lat="47.722552" lon="12.622535">
        <ele>1197.990981</ele>
        <time>2022-09-21T11:54:54.671Z</time>
      </trkpt>
      <trkpt lat="47.722590" lon="12.622412">
        <ele>1199.232438</ele>
        <time>2022-09-21T11:55:01.674Z</time>
      </trkpt>
      <trkpt lat="47.722642" lon="12.622295">
        <ele>1200.518633</ele>
        <time>2022-09-21T11:55:15.670Z</time>
      </trkpt>
      <trkpt lat="47.722687" lon="12.622178">
        <ele>1201.754785</ele>
        <time>2022-09-21T11:55:28.672Z</time>
      </trkpt>
      <trkpt lat="47.722665" lon="12.622042">
        <ele>1203.037753</ele>
        <time>2022-09-21T11:56:12.660Z</time>
      </trkpt>
      <trkpt lat="47.722592" lon="12.621933">
        <ele>1204.448488</ele>
        <time>2022-09-21T11:56:22.668Z</time>
      </trkpt>
      <trkpt lat="47.722592" lon="12.621793">
        <ele>1205.732589</ele>
        <time>2022-09-21T11:56:32.672Z</time>
      </trkpt>
      <trkpt lat="47.722632" lon="12.621668">
        <ele>1207.002211</ele>
        <time>2022-09-21T11:56:43.731Z</time>
      </trkpt>
      <trkpt lat="47.722645" lon="12.621528">
        <ele>1208.298486</ele>
        <time>2022-09-21T11:56:54.673Z</time>
      </trkpt>
      <trkpt lat="47.722672" lon="12.621392">
        <ele>1209.599083</ele>
        <time>2022-09-21T11:57:11.675Z</time>
      </trkpt>
      <trkpt lat="47.722688" lon="12.621248">
        <ele>1210.937765</ele>
        <time>2022-09-21T11:57:23.732Z</time>
      </trkpt>
      <trkpt lat="47.722690" lon="12.621103">
        <ele>1212.268004</ele>
        <time>2022-09-21T11:57:34.672Z</time>
      </trkpt>
      <trkpt lat="47.722687" lon="12.620963">
        <ele>1213.552754</ele>
        <time>2022-09-21T11:57:45.672Z</time>
      </trkpt>
      <trkpt lat="47.722718" lon="12.620832">
        <ele>1215.058822</ele>
        <time>2022-09-21T11:57:53.731Z</time>
      </trkpt>
      <trkpt lat="47.722755" lon="12.620698">
        <ele>1216.647873</ele>
        <time>2022-09-21T11:58:00.672Z</time>
      </trkpt>
      <trkpt lat="47.722767" lon="12.620563">
        <ele>1218.141754</ele>
        <time>2022-09-21T11:58:12.673Z</time>
      </trkpt>
      <trkpt lat="47.722788" lon="12.620433">
        <ele>1219.608450</ele>
        <time>2022-09-21T11:58:24.670Z</time>
      </trkpt>
      <trkpt lat="47.722835" lon="12.620308">
        <ele>1221.179414</ele>
        <time>2022-09-21T11:58:33.674Z</time>
      </trkpt>
      <trkpt lat="47.722882" lon="12.620193">
        <ele>1222.655586</ele>
        <time>2022-09-21T11:58:43.674Z</time>
      </trkpt>
      <trkpt lat="47.722922" lon="12.620070">
        <ele>1224.154343</ele>
        <time>2022-09-21T11:58:54.672Z</time>
      </trkpt>
      <trkpt lat="47.722977" lon="12.619943">
        <ele>1225.811322</ele>
        <time>2022-09-21T11:59:06.671Z</time>
      </trkpt>
      <trkpt lat="47.723018" lon="12.619818">
        <ele>1227.336937</ele>
        <time>2022-09-21T11:59:15.670Z</time>
      </trkpt>
      <trkpt lat="47.723068" lon="12.619703">
        <ele>1228.839089</ele>
        <time>2022-09-21T11:59:25.671Z</time>
      </trkpt>
      <trkpt lat="47.723118" lon="12.619590">
        <ele>1230.322861</ele>
        <time>2022-09-21T11:59:38.671Z</time>
      </trkpt>
      <trkpt lat="47.723182" lon="12.619493">
        <ele>1231.813378</ele>
        <time>2022-09-21T11:59:50.671Z</time>
      </trkpt>
      <trkpt lat="47.723237" lon="12.619385">
        <ele>1233.299381</ele>
        <time>2022-09-21T12:00:02.672Z</time>
      </trkpt>
      <trkpt lat="47.723312" lon="12.619308">
        <ele>1234.785801</ele>
        <time>2022-09-21T12:00:11.660Z</time>
      </trkpt>
      <trkpt lat="47.723405" lon="12.619268">
        <ele>1236.364615</ele>
        <time>2022-09-21T12:00:33.671Z</time>
      </trkpt>
      <trkpt lat="47.723468" lon="12.619167">
        <ele>1237.875632</ele>
        <time>2022-09-21T12:00:43.670Z</time>
      </trkpt>
      <trkpt lat="47.723523" lon="12.619058">
        <ele>1239.370391</ele>
        <time>2022-09-21T12:01:02.662Z</time>
      </trkpt>
      <trkpt lat="47.723632" lon="12.619040">
        <ele>1241.158855</ele>
        <time>2022-09-21T12:02:31.675Z</time>
      </trkpt>
      <trkpt lat="47.723698" lon="12.618937">
        <ele>1242.719360</ele>
        <time>2022-09-21T12:02:42.671Z</time>
      </trkpt>
      <trkpt lat="47.723810" lon="12.618983">
        <ele>1245.768680</ele>
        <time>2022-09-21T12:03:14.676Z</time>
      </trkpt>
      <trkpt lat="47.723922" lon="12.618962">
        <ele>1248.904481</ele>
        <time>2022-09-21T12:04:19.670Z</time>
      </trkpt>
      <trkpt lat="47.724012" lon="12.619040">
        <ele>1251.798370</ele>
        <time>2022-09-21T12:04:58.674Z</time>
      </trkpt>
      <trkpt lat="47.724092" lon="12.618975">
        <ele>1254.330897</ele>
        <time>2022-09-21T12:05:21.670Z</time>
      </trkpt>
      <trkpt lat="47.724163" lon="12.619248">
        <ele>1259.800253</ele>
        <time>2022-09-21T12:06:11.675Z</time>
      </trkpt>
      <trkpt lat="47.724180" lon="12.619415">
        <ele>1262.956403</ele>
        <time>2022-09-21T12:06:35.673Z</time>
      </trkpt>
      <trkpt lat="47.724272" lon="12.619492">
        <ele>1265.889204</ele>
        <time>2022-09-21T12:07:02.673Z</time>
      </trkpt>
      <trkpt lat="47.724252" lon="12.619625">
        <ele>1268.435824</ele>
        <time>2022-09-21T12:07:13.669Z</time>
      </trkpt>
      <trkpt lat="47.724277" lon="12.619758">
        <ele>1271.016307</ele>
        <time>2022-09-21T12:07:34.730Z</time>
      </trkpt>
      <trkpt lat="47.724232" lon="12.619917">
        <ele>1274.239681</ele>
        <time>2022-09-21T12:08:17.737Z</time>
      </trkpt>
      <trkpt lat="47.724300" lon="12.620005">
        <ele>1276.744084</ele>
        <time>2022-09-21T12:08:29.739Z</time>
      </trkpt>
      <trkpt lat="47.724280" lon="12.620137">
        <ele>1279.272470</ele>
        <time>2022-09-21T12:08:43.673Z</time>
      </trkpt>
      <trkpt lat="47.724270" lon="12.620278">
        <ele>1281.921845</ele>
        <time>2022-09-21T12:09:08.677Z</time>
      </trkpt>
      <trkpt lat="47.724232" lon="12.620410">
        <ele>1284.604814</ele>
        <time>2022-09-21T12:09:17.738Z</time>
      </trkpt>
      <trkpt lat="47.724258" lon="12.620542">
        <ele>1287.174973</ele>
        <time>2022-09-21T12:09:31.676Z</time>
      </trkpt>
      <trkpt lat="47.724333" lon="12.620632">
        <ele>1289.852423</ele>
        <time>2022-09-21T12:09:45.681Z</time>
      </trkpt>
      <trkpt lat="47.724423" lon="12.620643">
        <ele>1292.360891</ele>
        <time>2022-09-21T12:10:13.677Z</time>
      </trkpt>
      <trkpt lat="47.724492" lon="12.620545">
        <ele>1294.876639</ele>
        <time>2022-09-21T12:10:35.674Z</time>
      </trkpt>
      <trkpt lat="47.724575" lon="12.620488">
        <ele>1297.251025</ele>
        <time>2022-09-21T12:10:48.677Z</time>
      </trkpt>
      <trkpt lat="47.724663" lon="12.620438">
        <ele>1299.697606</ele>
        <time>2022-09-21T12:11:01.676Z</time>
      </trkpt>
      <trkpt lat="47.724743" lon="12.620365">
        <ele>1302.135372</ele>
        <time>2022-09-21T12:11:22.675Z</time>
      </trkpt>
      <trkpt lat="47.724855" lon="12.620317">
        <ele>1305.162448</ele>
        <time>2022-09-21T12:11:53.676Z</time>
      </trkpt>
      <trkpt lat="47.724947" lon="12.620275">
        <ele>1307.661791</ele>
        <time>2022-09-21T12:12:06.676Z</time>
      </trkpt>
      <trkpt lat="47.725017" lon="12.620182">
        <ele>1310.099878</ele>
        <time>2022-09-21T12:12:28.677Z</time>
      </trkpt>
      <trkpt lat="47.725207" lon="12.620028">
        <ele>1315.719901</ele>
        <time>2022-09-21T12:13:33.677Z</time>
      </trkpt>
      <trkpt lat="47.725373" lon="12.619933">
        <ele>1320.339299</ele>
        <time>2022-09-21T12:14:19.678Z</time>
      </trkpt>
      <trkpt lat="47.725453" lon="12.620002">
        <ele>1322.741239</ele>
        <time>2022-09-21T12:14:33.673Z</time>
      </trkpt>
      <trkpt lat="47.725520" lon="12.619877">
        <ele>1325.533365</ele>
        <time>2022-09-21T12:15:19.679Z</time>
      </trkpt>
      <trkpt lat="47.725580" lon="12.619983">
        <ele>1327.953479</ele>
        <time>2022-09-21T12:15:36.677Z</time>
      </trkpt>
      <trkpt lat="47.725658" lon="12.620060">
        <ele>1330.385070</ele>
        <time>2022-09-21T12:15:59.740Z</time>
      </trkpt>
      <trkpt lat="47.725723" lon="12.620155">
        <ele>1332.752283</ele>
        <time>2022-09-21T12:16:13.666Z</time>
      </trkpt>
      <trkpt lat="47.725770" lon="12.620275">
        <ele>1335.178057</ele>
        <time>2022-09-21T12:16:28.679Z</time>
      </trkpt>
      <trkpt lat="47.725800" lon="12.620403">
        <ele>1337.545970</ele>
        <time>2022-09-21T12:17:13.741Z</time>
      </trkpt>
      <trkpt lat="47.725880" lon="12.620465">
        <ele>1339.769813</ele>
        <time>2022-09-21T12:17:28.679Z</time>
      </trkpt>
      <trkpt lat="47.725933" lon="12.620573">
        <ele>1340.958740</ele>
        <time>2022-09-21T12:17:47.738Z</time>
      </trkpt>
      <trkpt lat="47.725990" lon="12.620685">
        <ele>1342.207762</ele>
        <time>2022-09-21T12:18:07.676Z</time>
      </trkpt>
      <trkpt lat="47.726042" lon="12.620850">
        <ele>1343.828244</ele>
        <time>2022-09-21T12:18:36.737Z</time>
      </trkpt>
      <trkpt lat="47.726127" lon="12.620978">
        <ele>1345.427854</ele>
        <time>2022-09-21T12:19:31.684Z</time>
      </trkpt>
      <trkpt lat="47.726190" lon="12.621077">
        <ele>1346.639856</ele>
        <time>2022-09-21T12:19:57.678Z</time>
      </trkpt>
      <trkpt lat="47.726233" lon="12.621200">
        <ele>1347.872653</ele>
        <time>2022-09-21T12:20:23.676Z</time>
      </trkpt>
      <trkpt lat="47.726310" lon="12.621273">
        <ele>1349.080064</ele>
        <time>2022-09-21T12:20:53.738Z</time>
      </trkpt>
      <trkpt lat="47.726395" lon="12.621383">
        <ele>1350.569999</ele>
        <time>2022-09-21T12:22:23.639Z</time>
      </trkpt>
      <trkpt lat="47.726438" lon="12.621502">
        <ele>1351.771339</ele>
        <time>2022-09-21T12:22:32.732Z</time>
      </trkpt>
      <trkpt lat="47.726433" lon="12.621640">
        <ele>1353.000404</ele>
        <time>2022-09-21T12:22:40.678Z</time>
      </trkpt>
      <trkpt lat="47.726430" lon="12.621788">
        <ele>1354.317221</ele>
        <time>2022-09-21T12:22:51.673Z</time>
      </trkpt>
      <trkpt lat="47.726447" lon="12.621920">
        <ele>1355.512468</ele>
        <time>2022-09-21T12:23:05.675Z</time>
      </trkpt>
      <trkpt lat="47.726448" lon="12.622058">
        <ele>1356.739825</ele>
        <time>2022-09-21T12:23:37.739Z</time>
      </trkpt>
      <trkpt lat="47.726450" lon="12.622202">
        <ele>1358.020743</ele>
        <time>2022-09-21T12:23:47.681Z</time>
      </trkpt>
      <trkpt lat="47.726465" lon="12.622348">
        <ele>1359.334233</ele>
        <time>2022-09-21T12:23:56.677Z</time>
      </trkpt>
      <trkpt lat="47.726478" lon="12.622495">
        <ele>1360.652807</ele>
        <time>2022-09-21T12:24:05.678Z</time>
      </trkpt>
      <trkpt lat="47.726478" lon="12.622635">
        <ele>1361.897879</ele>
        <time>2022-09-21T12:24:14.675Z</time>
      </trkpt>
      <trkpt lat="47.726485" lon="12.622772">
        <ele>1363.119780</ele>
        <time>2022-09-21T12:24:23.675Z</time>
      </trkpt>
      <trkpt lat="47.726485" lon="12.622922">
        <ele>1363.975793</ele>
        <time>2022-09-21T12:24:32.665Z</time>
      </trkpt>
      <trkpt lat="47.726490" lon="12.623060">
        <ele>1364.633190</ele>
        <time>2022-09-21T12:24:40.678Z</time>
      </trkpt>
      <trkpt lat="47.726510" lon="12.623197">
        <ele>1365.300049</ele>
        <time>2022-09-21T12:24:50.677Z</time>
      </trkpt>
      <trkpt lat="47.726535" lon="12.623337">
        <ele>1365.989074</ele>
        <time>2022-09-21T12:24:59.725Z</time>
      </trkpt>
      <trkpt lat="47.726522" lon="12.623472">
        <ele>1366.637795</ele>
        <time>2022-09-21T12:25:09.679Z</time>
      </trkpt>
      <trkpt lat="47.726543" lon="12.623607">
        <ele>1367.296917</ele>
        <time>2022-09-21T12:25:18.675Z</time>
      </trkpt>
      <trkpt lat="47.726543" lon="12.623763">
        <ele>1368.038985</ele>
        <time>2022-09-21T12:25:28.679Z</time>
      </trkpt>
      <trkpt lat="47.726558" lon="12.623905">
        <ele>1368.722735</ele>
        <time>2022-09-21T12:25:38.676Z</time>
      </trkpt>
      <trkpt lat="47.726610" lon="12.624023">
        <ele>1369.393769</ele>
        <time>2022-09-21T12:25:59.677Z</time>
      </trkpt>
      <trkpt lat="47.726613" lon="12.624158">
        <ele>1370.036293</ele>
        <time>2022-09-21T12:26:06.672Z</time>
      </trkpt>
      <trkpt lat="47.726583" lon="12.624300">
        <ele>1370.744296</ele>
        <time>2022-09-21T12:26:14.737Z</time>
      </trkpt>
      <trkpt lat="47.726572" lon="12.624443">
        <ele>1371.428958</ele>
        <time>2022-09-21T12:26:23.678Z</time>
      </trkpt>
      <trkpt lat="47.726567" lon="12.624587">
        <ele>1372.114855</ele>
        <time>2022-09-21T12:26:31.739Z</time>
      </trkpt>
      <trkpt lat="47.726545" lon="12.624728">
        <ele>1372.803377</ele>
        <time>2022-09-21T12:26:40.680Z</time>
      </trkpt>
      <trkpt lat="47.726518" lon="12.624867">
        <ele>1373.491595</ele>
        <time>2022-09-21T12:26:48.683Z</time>
      </trkpt>
      <trkpt lat="47.726520" lon="12.625010">
        <ele>1374.171971</ele>
        <time>2022-09-21T12:26:58.681Z</time>
      </trkpt>
      <trkpt lat="47.726510" lon="12.625143">
        <ele>1374.808572</ele>
        <time>2022-09-21T12:27:07.680Z</time>
      </trkpt>
      <trkpt lat="47.726487" lon="12.625280">
        <ele>1375.480250</ele>
        <time>2022-09-21T12:27:22.679Z</time>
      </trkpt>
      <trkpt lat="47.726455" lon="12.625413">
        <ele>1376.148426</ele>
        <time>2022-09-21T12:27:31.681Z</time>
      </trkpt>
      <trkpt lat="47.726405" lon="12.625525">
        <ele>1376.434967</ele>
        <time>2022-09-21T12:27:41.679Z</time>
      </trkpt>
      <trkpt lat="47.726352" lon="12.625650">
        <ele>1376.749942</ele>
        <time>2022-09-21T12:27:52.680Z</time>
      </trkpt>
      <trkpt lat="47.726305" lon="12.625777">
        <ele>1377.058931</ele>
        <time>2022-09-21T12:28:11.678Z</time>
      </trkpt>
      <trkpt lat="47.726253" lon="12.625895">
        <ele>1377.359639</ele>
        <time>2022-09-21T12:28:21.679Z</time>
      </trkpt>
      <trkpt lat="47.726187" lon="12.625997">
        <ele>1377.661336</ele>
        <time>2022-09-21T12:28:41.740Z</time>
      </trkpt>
      <trkpt lat="47.726122" lon="12.626090">
        <ele>1377.947221</ele>
        <time>2022-09-21T12:28:55.651Z</time>
      </trkpt>
      <trkpt lat="47.726065" lon="12.626195">
        <ele>1378.234842</ele>
        <time>2022-09-21T12:29:12.678Z</time>
      </trkpt>
      <trkpt lat="47.726018" lon="12.626312">
        <ele>1378.525337</ele>
        <time>2022-09-21T12:29:25.683Z</time>
      </trkpt>
      <trkpt lat="47.725985" lon="12.626445">
        <ele>1378.827523</ele>
        <time>2022-09-21T12:29:41.682Z</time>
      </trkpt>
      <trkpt lat="47.725945" lon="12.626567">
        <ele>1379.116836</ele>
        <time>2022-09-21T12:30:05.679Z</time>
      </trkpt>
      <trkpt lat="47.725880" lon="12.626473">
        <ele>1379.404204</ele>
        <time>2022-09-21T12:30:50.677Z</time>
      </trkpt>
      <trkpt lat="47.725908" lon="12.626345">
        <ele>1379.691126</ele>
        <time>2022-09-21T12:31:05.670Z</time>
      </trkpt>
      <trkpt lat="47.725858" lon="12.626460">
        <ele>1379.983019</ele>
        <time>2022-09-21T12:39:11.678Z</time>
      </trkpt>
      <trkpt lat="47.725880" lon="12.626590">
        <ele>1380.268774</ele>
        <time>2022-09-21T12:39:33.680Z</time>
      </trkpt>
      <trkpt lat="47.725955" lon="12.626493">
        <ele>1380.583803</ele>
        <time>2022-09-21T12:40:08.696Z</time>
      </trkpt>
      <trkpt lat="47.725998" lon="12.626375">
        <ele>1380.869881</ele>
        <time>2022-09-21T12:40:16.874Z</time>
      </trkpt>
      <trkpt lat="47.726047" lon="12.626247">
        <ele>1381.183826</ele>
        <time>2022-09-21T12:40:24.738Z</time>
      </trkpt>
      <trkpt lat="47.726100" lon="12.626117">
        <ele>1381.507869</ele>
        <time>2022-09-21T12:40:33.675Z</time>
      </trkpt>
      <trkpt lat="47.726157" lon="12.626012">
        <ele>1381.795490</ele>
        <time>2022-09-21T12:40:41.680Z</time>
      </trkpt>
      <trkpt lat="47.726235" lon="12.625942">
        <ele>1380.833733</ele>
        <time>2022-09-21T12:40:48.676Z</time>
      </trkpt>
      <trkpt lat="47.726327" lon="12.625957">
        <ele>1379.592449</ele>
        <time>2022-09-21T12:40:56.677Z</time>
      </trkpt>
      <trkpt lat="47.726400" lon="12.626050">
        <ele>1378.303062</ele>
        <time>2022-09-21T12:41:08.703Z</time>
      </trkpt>
      <trkpt lat="47.726485" lon="12.626112">
        <ele>1377.033230</ele>
        <time>2022-09-21T12:41:17.680Z</time>
      </trkpt>
      <trkpt lat="47.726578" lon="12.626098">
        <ele>1375.779554</ele>
        <time>2022-09-21T12:41:31.678Z</time>
      </trkpt>
      <trkpt lat="47.726660" lon="12.626032">
        <ele>1374.528944</ele>
        <time>2022-09-21T12:41:51.676Z</time>
      </trkpt>
      <trkpt lat="47.726742" lon="12.625902">
        <ele>1372.921153</ele>
        <time>2022-09-21T12:42:48.678Z</time>
      </trkpt>
      <trkpt lat="47.726810" lon="12.625805">
        <ele>1371.657210</ele>
        <time>2022-09-21T12:42:59.675Z</time>
      </trkpt>
      <trkpt lat="47.726872" lon="12.625705">
        <ele>1370.430284</ele>
        <time>2022-09-21T12:43:54.675Z</time>
      </trkpt>
      <trkpt lat="47.726952" lon="12.625635">
        <ele>1369.185286</ele>
        <time>2022-09-21T12:44:05.672Z</time>
      </trkpt>
      <trkpt lat="47.727050" lon="12.625638">
        <ele>1367.870652</ele>
        <time>2022-09-21T12:44:15.654Z</time>
      </trkpt>
      <trkpt lat="47.727140" lon="12.625653">
        <ele>1366.656028</ele>
        <time>2022-09-21T12:45:13.675Z</time>
      </trkpt>
      <trkpt lat="47.727225" lon="12.625722">
        <ele>1365.357144</ele>
        <time>2022-09-21T12:45:22.673Z</time>
      </trkpt>
      <trkpt lat="47.727305" lon="12.625783">
        <ele>1364.151302</ele>
        <time>2022-09-21T12:45:30.673Z</time>
      </trkpt>
      <trkpt lat="47.727388" lon="12.625857">
        <ele>1362.853283</ele>
        <time>2022-09-21T12:45:40.669Z</time>
      </trkpt>
      <trkpt lat="47.727460" lon="12.625938">
        <ele>1361.642305</ele>
        <time>2022-09-21T12:45:49.671Z</time>
      </trkpt>
      <trkpt lat="47.727548" lon="12.625990">
        <ele>1360.372252</ele>
        <time>2022-09-21T12:46:00.670Z</time>
      </trkpt>
      <trkpt lat="47.727635" lon="12.626042">
        <ele>1359.114652</ele>
        <time>2022-09-21T12:46:11.670Z</time>
      </trkpt>
      <trkpt lat="47.727707" lon="12.626123">
        <ele>1357.903676</ele>
        <time>2022-09-21T12:46:19.672Z</time>
      </trkpt>
      <trkpt lat="47.727782" lon="12.626225">
        <ele>1356.099057</ele>
        <time>2022-09-21T12:46:28.724Z</time>
      </trkpt>
      <trkpt lat="47.727860" lon="12.626320">
        <ele>1354.241670</ele>
        <time>2022-09-21T12:46:39.674Z</time>
      </trkpt>
      <trkpt lat="47.727928" lon="12.626417">
        <ele>1352.505741</ele>
        <time>2022-09-21T12:46:49.672Z</time>
      </trkpt>
      <trkpt lat="47.728003" lon="12.626495">
        <ele>1350.819732</ele>
        <time>2022-09-21T12:47:01.673Z</time>
      </trkpt>
      <trkpt lat="47.728088" lon="12.626558">
        <ele>1349.070213</ele>
        <time>2022-09-21T12:47:13.648Z</time>
      </trkpt>
      <trkpt lat="47.728163" lon="12.626635">
        <ele>1347.391277</ele>
        <time>2022-09-21T12:47:22.673Z</time>
      </trkpt>
      <trkpt lat="47.728227" lon="12.626738">
        <ele>1345.653893</ele>
        <time>2022-09-21T12:47:34.672Z</time>
      </trkpt>
      <trkpt lat="47.728273" lon="12.626867">
        <ele>1343.844830</ele>
        <time>2022-09-21T12:47:44.717Z</time>
      </trkpt>
      <trkpt lat="47.728372" lon="12.626892">
        <ele>1341.995103</ele>
        <time>2022-09-21T12:48:02.729Z</time>
      </trkpt>
      <trkpt lat="47.728463" lon="12.626928">
        <ele>1340.260526</ele>
        <time>2022-09-21T12:48:11.671Z</time>
      </trkpt>
      <trkpt lat="47.728555" lon="12.626922">
        <ele>1338.564232</ele>
        <time>2022-09-21T12:48:33.670Z</time>
      </trkpt>
      <trkpt lat="47.728645" lon="12.626878">
        <ele>1336.819069</ele>
        <time>2022-09-21T12:48:42.685Z</time>
      </trkpt>
      <trkpt lat="47.728733" lon="12.626912">
        <ele>1335.144240</ele>
        <time>2022-09-21T12:48:52.729Z</time>
      </trkpt>
      <trkpt lat="47.728822" lon="12.626873">
        <ele>1333.435104</ele>
        <time>2022-09-21T12:49:00.671Z</time>
      </trkpt>
      <trkpt lat="47.728922" lon="12.626847">
        <ele>1331.565121</ele>
        <time>2022-09-21T12:49:06.669Z</time>
      </trkpt>
      <trkpt lat="47.729013" lon="12.626852">
        <ele>1329.887732</ele>
        <time>2022-09-21T12:49:12.671Z</time>
      </trkpt>
      <trkpt lat="47.729097" lon="12.626935">
        <ele>1328.029853</ele>
        <time>2022-09-21T12:49:20.672Z</time>
      </trkpt>
      <trkpt lat="47.729182" lon="12.626990">
        <ele>1326.322260</ele>
        <time>2022-09-21T12:49:29.671Z</time>
      </trkpt>
      <trkpt lat="47.729272" lon="12.627040">
        <ele>1324.562914</ele>
        <time>2022-09-21T12:49:38.673Z</time>
      </trkpt>
      <trkpt lat="47.729362" lon="12.627027">
        <ele>1323.352376</ele>
        <time>2022-09-21T12:49:47.673Z</time>
      </trkpt>
      <trkpt lat="47.729453" lon="12.627028">
        <ele>1322.134091</ele>
        <time>2022-09-21T12:49:56.673Z</time>
      </trkpt>
      <trkpt lat="47.729548" lon="12.627010">
        <ele>1320.852002</ele>
        <time>2022-09-21T12:50:05.666Z</time>
      </trkpt>
      <trkpt lat="47.729632" lon="12.627083">
        <ele>1319.549429</ele>
        <time>2022-09-21T12:50:13.675Z</time>
      </trkpt>
      <trkpt lat="47.729730" lon="12.627068">
        <ele>1318.230531</ele>
        <time>2022-09-21T12:50:23.677Z</time>
      </trkpt>
      <trkpt lat="47.729817" lon="12.627030">
        <ele>1317.016604</ele>
        <time>2022-09-21T12:50:31.679Z</time>
      </trkpt>
      <trkpt lat="47.729912" lon="12.627077">
        <ele>1315.676233</ele>
        <time>2022-09-21T12:50:38.682Z</time>
      </trkpt>
      <trkpt lat="47.729930" lon="12.627322">
        <ele>1313.456959</ele>
        <time>2022-09-21T12:51:15.681Z</time>
      </trkpt>
      <trkpt lat="47.729855" lon="12.627405">
        <ele>1312.205273</ele>
        <time>2022-09-21T12:51:24.670Z</time>
      </trkpt>
      <trkpt lat="47.729795" lon="12.627505">
        <ele>1310.998604</ele>
        <time>2022-09-21T12:51:33.677Z</time>
      </trkpt>
      <trkpt lat="47.729718" lon="12.627583">
        <ele>1309.751235</ele>
        <time>2022-09-21T12:51:44.678Z</time>
      </trkpt>
      <trkpt lat="47.729627" lon="12.627608">
        <ele>1308.512358</ele>
        <time>2022-09-21T12:51:51.672Z</time>
      </trkpt>
      <trkpt lat="47.729650" lon="12.627742">
        <ele>1307.267054</ele>
        <time>2022-09-21T12:52:02.675Z</time>
      </trkpt>
      <trkpt lat="47.729743" lon="12.627767">
        <ele>1306.001839</ele>
        <time>2022-09-21T12:52:08.676Z</time>
      </trkpt>
      <trkpt lat="47.729838" lon="12.627802">
        <ele>1304.691569</ele>
        <time>2022-09-21T12:52:18.678Z</time>
      </trkpt>
      <trkpt lat="47.729898" lon="12.627918">
        <ele>1303.373890</ele>
        <time>2022-09-21T12:52:27.678Z</time>
      </trkpt>
      <trkpt lat="47.729938" lon="12.628042">
        <ele>1302.135539</ele>
        <time>2022-09-21T12:52:37.676Z</time>
      </trkpt>
      <trkpt lat="47.729910" lon="12.628185">
        <ele>1300.794416</ele>
        <time>2022-09-21T12:52:48.680Z</time>
      </trkpt>
      <trkpt lat="47.729870" lon="12.628317">
        <ele>1299.369494</ele>
        <time>2022-09-21T12:52:58.742Z</time>
      </trkpt>
      <trkpt lat="47.729722" lon="12.628240">
        <ele>1297.021031</ele>
        <time>2022-09-21T12:53:38.683Z</time>
      </trkpt>
      <trkpt lat="47.729632" lon="12.628233">
        <ele>1295.671223</ele>
        <time>2022-09-21T12:53:48.681Z</time>
      </trkpt>
      <trkpt lat="47.729537" lon="12.628270">
        <ele>1294.200357</ele>
        <time>2022-09-21T12:53:56.677Z</time>
      </trkpt>
      <trkpt lat="47.729442" lon="12.628303">
        <ele>1292.739184</ele>
        <time>2022-09-21T12:54:09.641Z</time>
      </trkpt>
      <trkpt lat="47.729355" lon="12.628355">
        <ele>1291.334789</ele>
        <time>2022-09-21T12:54:20.675Z</time>
      </trkpt>
      <trkpt lat="47.729383" lon="12.628488">
        <ele>1289.930813</ele>
        <time>2022-09-21T12:54:37.676Z</time>
      </trkpt>
      <trkpt lat="47.729473" lon="12.628537">
        <ele>1288.495304</ele>
        <time>2022-09-21T12:54:52.678Z</time>
      </trkpt>
      <trkpt lat="47.729567" lon="12.628528">
        <ele>1287.084513</ele>
        <time>2022-09-21T12:55:01.676Z</time>
      </trkpt>
      <trkpt lat="47.729650" lon="12.628580">
        <ele>1285.735520</ele>
        <time>2022-09-21T12:55:10.677Z</time>
      </trkpt>
      <trkpt lat="47.729650" lon="12.628720">
        <ele>1284.325127</ele>
        <time>2022-09-21T12:55:19.678Z</time>
      </trkpt>
      <trkpt lat="47.729580" lon="12.628807">
        <ele>1282.958614</ele>
        <time>2022-09-21T12:55:25.678Z</time>
      </trkpt>
      <trkpt lat="47.729485" lon="12.628828">
        <ele>1281.520121</ele>
        <time>2022-09-21T12:55:31.676Z</time>
      </trkpt>
      <trkpt lat="47.729388" lon="12.628877">
        <ele>1279.985740</ele>
        <time>2022-09-21T12:55:38.739Z</time>
      </trkpt>
      <trkpt lat="47.729297" lon="12.628898">
        <ele>1278.606476</ele>
        <time>2022-09-21T12:55:48.674Z</time>
      </trkpt>
      <trkpt lat="47.729198" lon="12.628912">
        <ele>1277.117023</ele>
        <time>2022-09-21T12:55:59.675Z</time>
      </trkpt>
      <trkpt lat="47.729060" lon="12.628887">
        <ele>1275.034856</ele>
        <time>2022-09-21T12:56:32.676Z</time>
      </trkpt>
      <trkpt lat="47.728972" lon="12.628925">
        <ele>1273.662374</ele>
        <time>2022-09-21T12:56:40.663Z</time>
      </trkpt>
      <trkpt lat="47.728877" lon="12.628910">
        <ele>1271.847414</ele>
        <time>2022-09-21T12:56:49.726Z</time>
      </trkpt>
      <trkpt lat="47.728780" lon="12.628920">
        <ele>1269.974016</ele>
        <time>2022-09-21T12:56:57.675Z</time>
      </trkpt>
      <trkpt lat="47.728692" lon="12.628967">
        <ele>1268.172417</ele>
        <time>2022-09-21T12:57:07.675Z</time>
      </trkpt>
      <trkpt lat="47.728600" lon="12.628918">
        <ele>1266.289523</ele>
        <time>2022-09-21T12:57:19.675Z</time>
      </trkpt>
      <trkpt lat="47.728515" lon="12.628993">
        <ele>1264.385095</ele>
        <time>2022-09-21T12:57:29.672Z</time>
      </trkpt>
      <trkpt lat="47.728438" lon="12.629072">
        <ele>1262.582539</ele>
        <time>2022-09-21T12:57:49.675Z</time>
      </trkpt>
      <trkpt lat="47.728405" lon="12.629200">
        <ele>1260.805993</ele>
        <time>2022-09-21T12:58:04.661Z</time>
      </trkpt>
      <trkpt lat="47.728418" lon="12.629333">
        <ele>1259.064217</ele>
        <time>2022-09-21T12:58:11.672Z</time>
      </trkpt>
      <trkpt lat="47.728468" lon="12.629452">
        <ele>1257.245830</ele>
        <time>2022-09-21T12:58:21.731Z</time>
      </trkpt>
      <trkpt lat="47.728502" lon="12.629592">
        <ele>1255.316804</ele>
        <time>2022-09-21T12:58:39.732Z</time>
      </trkpt>
      <trkpt lat="47.728530" lon="12.629730">
        <ele>1253.448742</ele>
        <time>2022-09-21T12:58:50.732Z</time>
      </trkpt>
      <trkpt lat="47.728542" lon="12.629872">
        <ele>1251.593968</ele>
        <time>2022-09-21T12:58:59.633Z</time>
      </trkpt>
      <trkpt lat="47.728568" lon="12.630010">
        <ele>1249.736669</ele>
        <time>2022-09-21T12:59:38.670Z</time>
      </trkpt>
      <trkpt lat="47.728612" lon="12.630128">
        <ele>1247.988143</ele>
        <time>2022-09-21T12:59:46.676Z</time>
      </trkpt>
      <trkpt lat="47.728708" lon="12.630170">
        <ele>1246.060072</ele>
        <time>2022-09-21T12:59:51.637Z</time>
      </trkpt>
      <trkpt lat="47.728723" lon="12.630307">
        <ele>1244.261202</ele>
        <time>2022-09-21T13:00:06.674Z</time>
      </trkpt>
      <trkpt lat="47.728755" lon="12.630437">
        <ele>1242.467151</ele>
        <time>2022-09-21T13:00:16.652Z</time>
      </trkpt>
      <trkpt lat="47.728778" lon="12.630582">
        <ele>1240.536429</ele>
        <time>2022-09-21T13:00:24.675Z</time>
      </trkpt>
      <trkpt lat="47.728843" lon="12.630687">
        <ele>1238.697083</ele>
        <time>2022-09-21T13:00:31.651Z</time>
      </trkpt>
      <trkpt lat="47.728907" lon="12.630792">
        <ele>1236.940383</ele>
        <time>2022-09-21T13:00:40.646Z</time>
      </trkpt>
      <trkpt lat="47.728867" lon="12.630920">
        <ele>1235.190596</ele>
        <time>2022-09-21T13:00:55.653Z</time>
      </trkpt>
      <trkpt lat="47.728883" lon="12.631060">
        <ele>1233.430060</ele>
        <time>2022-09-21T13:01:09.671Z</time>
      </trkpt>
      <trkpt lat="47.728945" lon="12.631168">
        <ele>1231.669776</ele>
        <time>2022-09-21T13:01:22.672Z</time>
      </trkpt>
      <trkpt lat="47.728960" lon="12.631318">
        <ele>1229.789704</ele>
        <time>2022-09-21T13:01:33.684Z</time>
      </trkpt>
      <trkpt lat="47.728930" lon="12.631463">
        <ele>1227.908940</ele>
        <time>2022-09-21T13:01:51.660Z</time>
      </trkpt>
      <trkpt lat="47.728972" lon="12.631590">
        <ele>1226.154441</ele>
        <time>2022-09-21T13:02:08.675Z</time>
      </trkpt>
      <trkpt lat="47.729022" lon="12.631703">
        <ele>1224.477580</ele>
        <time>2022-09-21T13:02:16.656Z</time>
      </trkpt>
      <trkpt lat="47.729072" lon="12.631835">
        <ele>1222.599463</ele>
        <time>2022-09-21T13:02:25.671Z</time>
      </trkpt>
      <trkpt lat="47.729103" lon="12.631967">
        <ele>1220.866111</ele>
        <time>2022-09-21T13:02:34.733Z</time>
      </trkpt>
      <trkpt lat="47.729105" lon="12.632103">
        <ele>1219.179645</ele>
        <time>2022-09-21T13:02:43.673Z</time>
      </trkpt>
      <trkpt lat="47.729108" lon="12.632242">
        <ele>1217.455503</ele>
        <time>2022-09-21T13:02:57.644Z</time>
      </trkpt>
      <trkpt lat="47.729110" lon="12.632382">
        <ele>1215.719458</ele>
        <time>2022-09-21T13:03:07.673Z</time>
      </trkpt>
      <trkpt lat="47.729178" lon="12.632482">
        <ele>1213.956562</ele>
        <time>2022-09-21T13:03:25.673Z</time>
      </trkpt>
      <trkpt lat="47.729248" lon="12.632582">
        <ele>1212.167272</ele>
        <time>2022-09-21T13:03:34.674Z</time>
      </trkpt>
      <trkpt lat="47.729333" lon="12.632665">
        <ele>1210.292911</ele>
        <time>2022-09-21T13:03:42.737Z</time>
      </trkpt>
      <trkpt lat="47.729373" lon="12.632787">
        <ele>1208.610304</ele>
        <time>2022-09-21T13:03:58.645Z</time>
      </trkpt>
      <trkpt lat="47.729428" lon="12.632903">
        <ele>1206.850825</ele>
        <time>2022-09-21T13:04:06.659Z</time>
      </trkpt>
      <trkpt lat="47.729507" lon="12.632982">
        <ele>1205.120694</ele>
        <time>2022-09-21T13:04:13.665Z</time>
      </trkpt>
      <trkpt lat="47.729565" lon="12.633095">
        <ele>1203.423334</ele>
        <time>2022-09-21T13:04:21.670Z</time>
      </trkpt>
      <trkpt lat="47.729665" lon="12.633142">
        <ele>1201.561422</ele>
        <time>2022-09-21T13:04:31.643Z</time>
      </trkpt>
      <trkpt lat="47.729753" lon="12.633172">
        <ele>1199.958601</ele>
        <time>2022-09-21T13:04:38.734Z</time>
      </trkpt>
      <trkpt lat="47.729848" lon="12.633168">
        <ele>1198.271380</ele>
        <time>2022-09-21T13:04:53.671Z</time>
      </trkpt>
      <trkpt lat="47.729922" lon="12.633083">
        <ele>1196.611224</ele>
        <time>2022-09-21T13:05:00.676Z</time>
      </trkpt>
      <trkpt lat="47.729992" lon="12.632975">
        <ele>1194.820263</ele>
        <time>2022-09-21T13:05:08.675Z</time>
      </trkpt>
      <trkpt lat="47.730063" lon="12.632882">
        <ele>1193.140363</ele>
        <time>2022-09-21T13:05:18.738Z</time>
      </trkpt>
      <trkpt lat="47.730062" lon="12.632737">
        <ele>1191.408802</ele>
        <time>2022-09-21T13:05:36.733Z</time>
      </trkpt>
      <trkpt lat="47.729983" lon="12.632665">
        <ele>1189.763752</ele>
        <time>2022-09-21T13:05:47.672Z</time>
      </trkpt>
      <trkpt lat="47.729900" lon="12.632600">
        <ele>1188.098316</ele>
        <time>2022-09-21T13:05:55.676Z</time>
      </trkpt>
      <trkpt lat="47.729823" lon="12.632523">
        <ele>1186.450865</ele>
        <time>2022-09-21T13:06:04.674Z</time>
      </trkpt>
      <trkpt lat="47.729732" lon="12.632468">
        <ele>1184.706936</ele>
        <time>2022-09-21T13:06:12.732Z</time>
      </trkpt>
      <trkpt lat="47.729670" lon="12.632355">
        <ele>1182.965585</ele>
        <time>2022-09-21T13:06:21.677Z</time>
      </trkpt>
      <trkpt lat="47.729608" lon="12.632245">
        <ele>1181.251843</ele>
        <time>2022-09-21T13:06:28.679Z</time>
      </trkpt>
      <trkpt lat="47.729617" lon="12.632110">
        <ele>1179.631873</ele>
        <time>2022-09-21T13:06:38.674Z</time>
      </trkpt>
      <trkpt lat="47.729707" lon="12.632085">
        <ele>1178.006443</ele>
        <time>2022-09-21T13:06:57.675Z</time>
      </trkpt>
      <trkpt lat="47.729795" lon="12.632135">
        <ele>1176.333965</ele>
        <time>2022-09-21T13:07:09.674Z</time>
      </trkpt>
      <trkpt lat="47.729890" lon="12.632173">
        <ele>1174.587443</ele>
        <time>2022-09-21T13:07:17.638Z</time>
      </trkpt>
      <trkpt lat="47.729985" lon="12.632192">
        <ele>1173.180816</ele>
        <time>2022-09-21T13:07:33.673Z</time>
      </trkpt>
      <trkpt lat="47.730078" lon="12.632237">
        <ele>1171.984166</ele>
        <time>2022-09-21T13:07:43.674Z</time>
      </trkpt>
      <trkpt lat="47.730168" lon="12.632270">
        <ele>1170.849976</ele>
        <time>2022-09-21T13:07:53.732Z</time>
      </trkpt>
      <trkpt lat="47.730263" lon="12.632300">
        <ele>1169.661673</ele>
        <time>2022-09-21T13:08:03.676Z</time>
      </trkpt>
      <trkpt lat="47.730358" lon="12.632338">
        <ele>1168.457966</ele>
        <time>2022-09-21T13:08:11.718Z</time>
      </trkpt>
      <trkpt lat="47.730452" lon="12.632375">
        <ele>1167.268204</ele>
        <time>2022-09-21T13:08:24.669Z</time>
      </trkpt>
      <trkpt lat="47.730525" lon="12.632465">
        <ele>1166.107858</ele>
        <time>2022-09-21T13:08:34.673Z</time>
      </trkpt>
      <trkpt lat="47.730608" lon="12.632543">
        <ele>1164.906443</ele>
        <time>2022-09-21T13:08:44.673Z</time>
      </trkpt>
      <trkpt lat="47.730688" lon="12.632610">
        <ele>1163.782982</ele>
        <time>2022-09-21T13:08:54.676Z</time>
      </trkpt>
      <trkpt lat="47.730738" lon="12.632722">
        <ele>1162.676698</ele>
        <time>2022-09-21T13:09:06.158Z</time>
      </trkpt>
      <trkpt lat="47.730800" lon="12.632820">
        <ele>1161.569474</ele>
        <time>2022-09-21T13:09:16.674Z</time>
      </trkpt>
      <trkpt lat="47.730845" lon="12.632937">
        <ele>1160.460285</ele>
        <time>2022-09-21T13:09:27.650Z</time>
      </trkpt>
      <trkpt lat="47.730902" lon="12.633060">
        <ele>1159.231030</ele>
        <time>2022-09-21T13:09:35.673Z</time>
      </trkpt>
      <trkpt lat="47.730918" lon="12.633195">
        <ele>1158.102898</ele>
        <time>2022-09-21T13:09:46.677Z</time>
      </trkpt>
      <trkpt lat="47.730993" lon="12.633278">
        <ele>1156.958920</ele>
        <time>2022-09-21T13:09:56.673Z</time>
      </trkpt>
      <trkpt lat="47.731057" lon="12.633380">
        <ele>1155.810944</ele>
        <time>2022-09-21T13:10:09.673Z</time>
      </trkpt>
      <trkpt lat="47.731130" lon="12.633477">
        <ele>1154.613011</ele>
        <time>2022-09-21T13:10:18.638Z</time>
      </trkpt>
      <trkpt lat="47.731195" lon="12.633573">
        <ele>1153.491986</ele>
        <time>2022-09-21T13:10:27.675Z</time>
      </trkpt>
      <trkpt lat="47.731267" lon="12.633658">
        <ele>1152.367079</ele>
        <time>2022-09-21T13:10:37.671Z</time>
      </trkpt>
      <trkpt lat="47.731348" lon="12.633738">
        <ele>1151.092613</ele>
        <time>2022-09-21T13:10:47.675Z</time>
      </trkpt>
      <trkpt lat="47.731437" lon="12.633775">
        <ele>1149.814806</ele>
        <time>2022-09-21T13:10:53.674Z</time>
      </trkpt>
      <trkpt lat="47.731533" lon="12.633823">
        <ele>1148.414360</ele>
        <time>2022-09-21T13:11:06.733Z</time>
      </trkpt>
      <trkpt lat="47.731635" lon="12.633863">
        <ele>1146.955770</ele>
        <time>2022-09-21T13:11:24.734Z</time>
      </trkpt>
      <trkpt lat="47.731735" lon="12.633845">
        <ele>1145.562974</ele>
        <time>2022-09-21T13:11:29.675Z</time>
      </trkpt>
      <trkpt lat="47.731830" lon="12.633855">
        <ele>1144.246120</ele>
        <time>2022-09-21T13:11:39.673Z</time>
      </trkpt>
      <trkpt lat="47.731917" lon="12.633898">
        <ele>1142.978442</ele>
        <time>2022-09-21T13:11:54.673Z</time>
      </trkpt>
      <trkpt lat="47.731998" lon="12.633955">
        <ele>1141.739338</ele>
        <time>2022-09-21T13:12:02.673Z</time>
      </trkpt>
      <trkpt lat="47.732088" lon="12.634005">
        <ele>1140.410868</ele>
        <time>2022-09-21T13:12:11.677Z</time>
      </trkpt>
      <trkpt lat="47.732175" lon="12.634052">
        <ele>1139.130969</ele>
        <time>2022-09-21T13:12:17.676Z</time>
      </trkpt>
      <trkpt lat="47.732257" lon="12.634108">
        <ele>1137.883264</ele>
        <time>2022-09-21T13:12:26.675Z</time>
      </trkpt>
      <trkpt lat="47.732347" lon="12.634162">
        <ele>1136.541322</ele>
        <time>2022-09-21T13:12:35.677Z</time>
      </trkpt>
      <trkpt lat="47.732425" lon="12.634243">
        <ele>1135.225787</ele>
        <time>2022-09-21T13:12:45.732Z</time>
      </trkpt>
      <trkpt lat="47.732500" lon="12.634335">
        <ele>1133.881368</ele>
        <time>2022-09-21T13:12:54.675Z</time>
      </trkpt>
      <trkpt lat="47.732517" lon="12.634470">
        <ele>1132.604061</ele>
        <time>2022-09-21T13:13:08.627Z</time>
      </trkpt>
      <trkpt lat="47.732443" lon="12.634563">
        <ele>1131.264293</ele>
        <time>2022-09-21T13:13:34.672Z</time>
      </trkpt>
      <trkpt lat="47.732570" lon="12.634463">
        <ele>1129.277203</ele>
        <time>2022-09-21T13:14:10.680Z</time>
      </trkpt>
      <trkpt lat="47.732662" lon="12.634532">
        <ele>1127.852433</ele>
        <time>2022-09-21T13:14:19.672Z</time>
      </trkpt>
      <trkpt lat="47.732745" lon="12.634615">
        <ele>1126.339120</ele>
        <time>2022-09-21T13:14:27.676Z</time>
      </trkpt>
      <trkpt lat="47.732843" lon="12.634650">
        <ele>1124.574185</ele>
        <time>2022-09-21T13:14:33.673Z</time>
      </trkpt>
      <trkpt lat="47.732918" lon="12.634735">
        <ele>1122.922774</ele>
        <time>2022-09-21T13:14:42.679Z</time>
      </trkpt>
      <trkpt lat="47.732980" lon="12.634842">
        <ele>1121.259353</ele>
        <time>2022-09-21T13:14:54.678Z</time>
      </trkpt>
      <trkpt lat="47.733027" lon="12.634963">
        <ele>1119.613636</ele>
        <time>2022-09-21T13:15:02.732Z</time>
      </trkpt>
      <trkpt lat="47.733058" lon="12.635092">
        <ele>1118.000216</ele>
        <time>2022-09-21T13:15:12.681Z</time>
      </trkpt>
      <trkpt lat="47.733110" lon="12.635208">
        <ele>1116.358330</ele>
        <time>2022-09-21T13:15:21.677Z</time>
      </trkpt>
      <trkpt lat="47.733178" lon="12.635298">
        <ele>1114.764099</ele>
        <time>2022-09-21T13:15:47.679Z</time>
      </trkpt>
      <trkpt lat="47.733103" lon="12.635390">
        <ele>1113.061448</ele>
        <time>2022-09-21T13:17:30.678Z</time>
      </trkpt>
      <trkpt lat="47.733203" lon="12.635412">
        <ele>1111.291240</ele>
        <time>2022-09-21T13:18:52.669Z</time>
      </trkpt>
      <trkpt lat="47.733285" lon="12.635490">
        <ele>1109.586577</ele>
        <time>2022-09-21T13:19:10.738Z</time>
      </trkpt>
      <trkpt lat="47.733372" lon="12.635542">
        <ele>1107.944589</ele>
        <time>2022-09-21T13:19:18.677Z</time>
      </trkpt>
      <trkpt lat="47.733443" lon="12.635630">
        <ele>1106.325932</ele>
        <time>2022-09-21T13:19:27.683Z</time>
      </trkpt>
      <trkpt lat="47.733527" lon="12.635702">
        <ele>1104.628042</ele>
        <time>2022-09-21T13:19:36.671Z</time>
      </trkpt>
      <trkpt lat="47.733603" lon="12.635807">
        <ele>1102.811297</ele>
        <time>2022-09-21T13:19:45.678Z</time>
      </trkpt>
      <trkpt lat="47.733660" lon="12.635923">
        <ele>1101.119295</ele>
        <time>2022-09-21T13:19:53.679Z</time>
      </trkpt>
      <trkpt lat="47.733718" lon="12.636032">
        <ele>1099.482329</ele>
        <time>2022-09-21T13:20:00.678Z</time>
      </trkpt>
      <trkpt lat="47.733757" lon="12.636162">
        <ele>1097.805811</ele>
        <time>2022-09-21T13:20:08.686Z</time>
      </trkpt>
      <trkpt lat="47.733808" lon="12.636287">
        <ele>1096.083885</ele>
        <time>2022-09-21T13:20:18.677Z</time>
      </trkpt>
      <trkpt lat="47.733838" lon="12.636422">
        <ele>1094.367867</ele>
        <time>2022-09-21T13:20:27.736Z</time>
      </trkpt>
      <trkpt lat="47.733898" lon="12.636538">
        <ele>1092.576395</ele>
        <time>2022-09-21T13:20:36.678Z</time>
      </trkpt>
      <trkpt lat="47.733942" lon="12.636657">
        <ele>1090.913949</ele>
        <time>2022-09-21T13:20:47.676Z</time>
      </trkpt>
      <trkpt lat="47.734003" lon="12.636768">
        <ele>1089.159142</ele>
        <time>2022-09-21T13:20:55.679Z</time>
      </trkpt>
      <trkpt lat="47.734040" lon="12.636902">
        <ele>1087.385834</ele>
        <time>2022-09-21T13:21:05.678Z</time>
      </trkpt>
      <trkpt lat="47.734077" lon="12.637025">
        <ele>1085.736308</ele>
        <time>2022-09-21T13:21:14.677Z</time>
      </trkpt>
      <trkpt lat="47.734128" lon="12.637140">
        <ele>1084.049965</ele>
        <time>2022-09-21T13:21:24.676Z</time>
      </trkpt>
      <trkpt lat="47.734197" lon="12.637242">
        <ele>1082.278920</ele>
        <time>2022-09-21T13:21:35.677Z</time>
      </trkpt>
      <trkpt lat="47.734260" lon="12.637345">
        <ele>1080.574537</ele>
        <time>2022-09-21T13:21:43.677Z</time>
      </trkpt>
      <trkpt lat="47.734332" lon="12.637430">
        <ele>1078.901126</ele>
        <time>2022-09-21T13:22:00.684Z</time>
      </trkpt>
      <trkpt lat="47.734388" lon="12.637540">
        <ele>1077.212225</ele>
        <time>2022-09-21T13:22:25.679Z</time>
      </trkpt>
      <trkpt lat="47.734478" lon="12.637555">
        <ele>1075.563793</ele>
        <time>2022-09-21T13:22:35.680Z</time>
      </trkpt>
      <trkpt lat="47.734575" lon="12.637653">
        <ele>1073.429171</ele>
        <time>2022-09-21T13:23:09.683Z</time>
      </trkpt>
      <trkpt lat="47.734655" lon="12.637733">
        <ele>1071.674314</ele>
        <time>2022-09-21T13:23:21.683Z</time>
      </trkpt>
      <trkpt lat="47.734730" lon="12.637823">
        <ele>1069.920025</ele>
        <time>2022-09-21T13:23:33.679Z</time>
      </trkpt>
      <trkpt lat="47.734793" lon="12.637928">
        <ele>1068.197459</ele>
        <time>2022-09-21T13:23:41.684Z</time>
      </trkpt>
      <trkpt lat="47.734840" lon="12.638053">
        <ele>1066.444318</ele>
        <time>2022-09-21T13:23:50.684Z</time>
      </trkpt>
      <trkpt lat="47.734840" lon="12.638195">
        <ele>1064.705965</ele>
        <time>2022-09-21T13:24:00.678Z</time>
      </trkpt>
      <trkpt lat="47.734857" lon="12.638327">
        <ele>1063.060671</ele>
        <time>2022-09-21T13:24:11.682Z</time>
      </trkpt>
      <trkpt lat="47.734870" lon="12.638467">
        <ele>1061.211799</ele>
        <time>2022-09-21T13:24:21.680Z</time>
      </trkpt>
      <trkpt lat="47.734908" lon="12.638600">
        <ele>1059.291898</ele>
        <time>2022-09-21T13:24:31.682Z</time>
      </trkpt>
      <trkpt lat="47.734943" lon="12.638728">
        <ele>1057.456090</ele>
        <time>2022-09-21T13:24:41.682Z</time>
      </trkpt>
      <trkpt lat="47.734997" lon="12.638840">
        <ele>1055.625176</ele>
        <time>2022-09-21T13:24:50.669Z</time>
      </trkpt>
      <trkpt lat="47.735032" lon="12.638965">
        <ele>1053.826232</ele>
        <time>2022-09-21T13:25:01.680Z</time>
      </trkpt>
      <trkpt lat="47.735078" lon="12.639095">
        <ele>1051.874574</ele>
        <time>2022-09-21T13:25:10.749Z</time>
      </trkpt>
      <trkpt lat="47.735132" lon="12.639218">
        <ele>1049.923026</ele>
        <time>2022-09-21T13:25:18.672Z</time>
      </trkpt>
      <trkpt lat="47.735210" lon="12.639300">
        <ele>1048.035920</ele>
        <time>2022-09-21T13:25:32.740Z</time>
      </trkpt>
      <trkpt lat="47.735292" lon="12.639377">
        <ele>1046.120042</ele>
        <time>2022-09-21T13:25:44.742Z</time>
      </trkpt>
      <trkpt lat="47.735340" lon="12.639500">
        <ele>1044.230680</ele>
        <time>2022-09-21T13:25:54.681Z</time>
      </trkpt>
      <trkpt lat="47.735398" lon="12.639622">
        <ele>1042.245713</ele>
        <time>2022-09-21T13:26:05.682Z</time>
      </trkpt>
      <trkpt lat="47.735432" lon="12.639752">
        <ele>1040.392528</ele>
        <time>2022-09-21T13:26:29.669Z</time>
      </trkpt>
      <trkpt lat="47.735522" lon="12.639820">
        <ele>1038.398237</ele>
        <time>2022-09-21T13:26:38.734Z</time>
      </trkpt>
      <trkpt lat="47.735570" lon="12.639933">
        <ele>1036.622545</ele>
        <time>2022-09-21T13:26:45.656Z</time>
      </trkpt>
      <trkpt lat="47.735618" lon="12.640062">
        <ele>1034.663833</ele>
        <time>2022-09-21T13:26:54.680Z</time>
      </trkpt>
      <trkpt lat="47.735675" lon="12.640173">
        <ele>1032.808361</ele>
        <time>2022-09-21T13:27:09.679Z</time>
      </trkpt>
      <trkpt lat="47.735727" lon="12.640290">
        <ele>1030.945148</ele>
        <time>2022-09-21T13:27:18.672Z</time>
      </trkpt>
      <trkpt lat="47.735792" lon="12.640393">
        <ele>1029.068597</ele>
        <time>2022-09-21T13:27:29.746Z</time>
      </trkpt>
      <trkpt lat="47.735877" lon="12.640460">
        <ele>1027.173582</ele>
        <time>2022-09-21T13:27:36.685Z</time>
      </trkpt>
      <trkpt lat="47.735915" lon="12.640588">
        <ele>1025.757182</ele>
        <time>2022-09-21T13:27:51.684Z</time>
      </trkpt>
      <trkpt lat="47.735972" lon="12.640697">
        <ele>1024.359446</ele>
        <time>2022-09-21T13:28:02.683Z</time>
      </trkpt>
      <trkpt lat="47.736005" lon="12.640822">
        <ele>1023.000045</ele>
        <time>2022-09-21T13:28:17.741Z</time>
      </trkpt>
      <trkpt lat="47.736025" lon="12.640965">
        <ele>1021.521455</ele>
        <time>2022-09-21T13:28:27.685Z</time>
      </trkpt>
      <trkpt lat="47.736015" lon="12.641108">
        <ele>1020.066032</ele>
        <time>2022-09-21T13:28:37.681Z</time>
      </trkpt>
      <trkpt lat="47.736060" lon="12.641240">
        <ele>1018.567903</ele>
        <time>2022-09-21T13:28:47.746Z</time>
      </trkpt>
      <trkpt lat="47.736052" lon="12.641382">
        <ele>1017.125373</ele>
        <time>2022-09-21T13:28:57.680Z</time>
      </trkpt>
      <trkpt lat="47.736045" lon="12.641520">
        <ele>1015.724403</ele>
        <time>2022-09-21T13:29:08.682Z</time>
      </trkpt>
      <trkpt lat="47.736083" lon="12.641652">
        <ele>1014.270871</ele>
        <time>2022-09-21T13:29:18.683Z</time>
      </trkpt>
      <trkpt lat="47.736093" lon="12.641790">
        <ele>1012.865784</ele>
        <time>2022-09-21T13:29:26.677Z</time>
      </trkpt>
      <trkpt lat="47.736108" lon="12.641938">
        <ele>1011.350634</ele>
        <time>2022-09-21T13:29:35.642Z</time>
      </trkpt>
      <trkpt lat="47.736090" lon="12.642080">
        <ele>1009.887831</ele>
        <time>2022-09-21T13:29:45.671Z</time>
      </trkpt>
      <trkpt lat="47.736115" lon="12.642212">
        <ele>1008.499595</ele>
        <time>2022-09-21T13:29:54.679Z</time>
      </trkpt>
      <trkpt lat="47.736135" lon="12.642360">
        <ele>1006.971418</ele>
        <time>2022-09-21T13:30:03.677Z</time>
      </trkpt>
      <trkpt lat="47.736145" lon="12.642500">
        <ele>1005.546201</ele>
        <time>2022-09-21T13:30:13.673Z</time>
      </trkpt>
      <trkpt lat="47.736153" lon="12.642637">
        <ele>1004.154107</ele>
        <time>2022-09-21T13:30:23.653Z</time>
      </trkpt>
      <trkpt lat="47.736200" lon="12.642772">
        <ele>1002.615226</ele>
        <time>2022-09-21T13:30:32.750Z</time>
      </trkpt>
      <trkpt lat="47.736253" lon="12.642897">
        <ele>1001.119350</ele>
        <time>2022-09-21T13:30:56.676Z</time>
      </trkpt>
      <trkpt lat="47.736338" lon="12.642953">
        <ele>999.641448</ele>
        <time>2022-09-21T13:31:16.675Z</time>
      </trkpt>
      <trkpt lat="47.736373" lon="12.642823">
        <ele>997.944229</ele>
        <time>2022-09-21T13:31:30.675Z</time>
      </trkpt>
      <trkpt lat="47.736395" lon="12.642690">
        <ele>996.284171</ele>
        <time>2022-09-21T13:31:42.680Z</time>
      </trkpt>
      <trkpt lat="47.736417" lon="12.642557">
        <ele>994.624113</ele>
        <time>2022-09-21T13:31:56.678Z</time>
      </trkpt>
      <trkpt lat="47.736470" lon="12.642442">
        <ele>992.934400</ele>
        <time>2022-09-21T13:32:08.675Z</time>
      </trkpt>
      <trkpt lat="47.736532" lon="12.642340">
        <ele>991.268008</ele>
        <time>2022-09-21T13:32:18.674Z</time>
      </trkpt>
      <trkpt lat="47.736587" lon="12.642228">
        <ele>989.587164</ele>
        <time>2022-09-21T13:32:29.677Z</time>
      </trkpt>
      <trkpt lat="47.736632" lon="12.642093">
        <ele>987.760965</ele>
        <time>2022-09-21T13:32:40.720Z</time>
      </trkpt>
      <trkpt lat="47.736692" lon="12.641987">
        <ele>986.081730</ele>
        <time>2022-09-21T13:32:50.674Z</time>
      </trkpt>
      <trkpt lat="47.736740" lon="12.641870">
        <ele>984.420629</ele>
        <time>2022-09-21T13:33:02.677Z</time>
      </trkpt>
      <trkpt lat="47.736795" lon="12.641758">
        <ele>982.739790</ele>
        <time>2022-09-21T13:33:18.673Z</time>
      </trkpt>
      <trkpt lat="47.736852" lon="12.641538">
        <ele>979.882292</ele>
        <time>2022-09-21T13:33:48.680Z</time>
      </trkpt>
      <trkpt lat="47.736935" lon="12.641463">
        <ele>978.131930</ele>
        <time>2022-09-21T13:33:56.664Z</time>
      </trkpt>
      <trkpt lat="47.736962" lon="12.641325">
        <ele>976.389988</ele>
        <time>2022-09-21T13:34:10.675Z</time>
      </trkpt>
      <trkpt lat="47.737023" lon="12.641227">
        <ele>974.771543</ele>
        <time>2022-09-21T13:34:19.678Z</time>
      </trkpt>
      <trkpt lat="47.737060" lon="12.641100">
        <ele>973.094046</ele>
        <time>2022-09-21T13:34:34.676Z</time>
      </trkpt>
      <trkpt lat="47.737133" lon="12.641017">
        <ele>971.437913</ele>
        <time>2022-09-21T13:34:59.671Z</time>
      </trkpt>
      <trkpt lat="47.737150" lon="12.640880">
        <ele>969.749411</ele>
        <time>2022-09-21T13:35:11.674Z</time>
      </trkpt>
      <trkpt lat="47.737212" lon="12.640778">
        <ele>968.083031</ele>
        <time>2022-09-21T13:35:22.676Z</time>
      </trkpt>
      <trkpt lat="47.737282" lon="12.640868">
        <ele>966.615136</ele>
        <time>2022-09-21T13:35:32.648Z</time>
      </trkpt>
      <trkpt lat="47.737333" lon="12.640988">
        <ele>965.161618</ele>
        <time>2022-09-21T13:35:41.673Z</time>
      </trkpt>
      <trkpt lat="47.737377" lon="12.641112">
        <ele>963.726039</ele>
        <time>2022-09-21T13:35:51.674Z</time>
      </trkpt>
      <trkpt lat="47.737447" lon="12.641212">
        <ele>962.248096</ele>
        <time>2022-09-21T13:36:01.673Z</time>
      </trkpt>
      <trkpt lat="47.737503" lon="12.641318">
        <ele>960.867882</ele>
        <time>2022-09-21T13:36:09.681Z</time>
      </trkpt>
      <trkpt lat="47.737538" lon="12.641445">
        <ele>959.462531</ele>
        <time>2022-09-21T13:36:18.679Z</time>
      </trkpt>
      <trkpt lat="47.737577" lon="12.641570">
        <ele>958.051580</ele>
        <time>2022-09-21T13:36:27.675Z</time>
      </trkpt>
      <trkpt lat="47.737637" lon="12.641673">
        <ele>956.656300</ele>
        <time>2022-09-21T13:36:38.678Z</time>
      </trkpt>
      <trkpt lat="47.737688" lon="12.641553">
        <ele>955.202790</ele>
        <time>2022-09-21T13:36:47.675Z</time>
      </trkpt>
      <trkpt lat="47.737708" lon="12.641422">
        <ele>953.827305</ele>
        <time>2022-09-21T13:36:58.675Z</time>
      </trkpt>
      <trkpt lat="47.737773" lon="12.641315">
        <ele>952.350908</ele>
        <time>2022-09-21T13:37:08.652Z</time>
      </trkpt>
      <trkpt lat="47.737850" lon="12.641235">
        <ele>950.920737</ele>
        <time>2022-09-21T13:37:19.676Z</time>
      </trkpt>
      <trkpt lat="47.737913" lon="12.641125">
        <ele>949.441327</ele>
        <time>2022-09-21T13:37:32.678Z</time>
      </trkpt>
      <trkpt lat="47.737975" lon="12.641018">
        <ele>947.995152</ele>
        <time>2022-09-21T13:37:40.676Z</time>
      </trkpt>
      <trkpt lat="47.738025" lon="12.640897">
        <ele>946.541010</ele>
        <time>2022-09-21T13:37:50.677Z</time>
      </trkpt>
      <trkpt lat="47.738117" lon="12.640882">
        <ele>945.131894</ele>
        <time>2022-09-21T13:38:10.676Z</time>
      </trkpt>
      <trkpt lat="47.738160" lon="12.640763">
        <ele>943.748677</ele>
        <time>2022-09-21T13:38:22.652Z</time>
      </trkpt>
      <trkpt lat="47.738225" lon="12.640667">
        <ele>942.353824</ele>
        <time>2022-09-21T13:38:33.665Z</time>
      </trkpt>
      <trkpt lat="47.739238" lon="12.639842">
        <ele>922.549047</ele>
        <time>2022-09-21T13:43:18.267Z</time>
      </trkpt>
      <trkpt lat="47.739328" lon="12.639835">
        <ele>920.981018</ele>
        <time>2022-09-21T13:43:25.669Z</time>
      </trkpt>
      <trkpt lat="47.739415" lon="12.639883">
        <ele>919.366491</ele>
        <time>2022-09-21T13:43:31.673Z</time>
      </trkpt>
      <trkpt lat="47.739498" lon="12.639805">
        <ele>917.658171</ele>
        <time>2022-09-21T13:43:49.640Z</time>
      </trkpt>
      <trkpt lat="47.739587" lon="12.639847">
        <ele>916.033572</ele>
        <time>2022-09-21T13:44:06.679Z</time>
      </trkpt>
      <trkpt lat="47.739678" lon="12.639850">
        <ele>914.449896</ele>
        <time>2022-09-21T13:44:23.668Z</time>
      </trkpt>
      <trkpt lat="47.739773" lon="12.639863">
        <ele>912.790030</ele>
        <time>2022-09-21T13:44:40.680Z</time>
      </trkpt>
      <trkpt lat="47.739857" lon="12.639930">
        <ele>911.131556</ele>
        <time>2022-09-21T13:44:51.676Z</time>
      </trkpt>
      <trkpt lat="47.739942" lon="12.639993">
        <ele>909.479133</ele>
        <time>2022-09-21T13:45:00.681Z</time>
      </trkpt>
      <trkpt lat="47.740000" lon="12.640097">
        <ele>907.929599</ele>
        <time>2022-09-21T13:45:17.680Z</time>
      </trkpt>
      <trkpt lat="47.740087" lon="12.640138">
        <ele>906.385876</ele>
        <time>2022-09-21T13:45:43.679Z</time>
      </trkpt>
      <trkpt lat="47.740168" lon="12.640208">
        <ele>904.801201</ele>
        <time>2022-09-21T13:46:05.657Z</time>
      </trkpt>
      <trkpt lat="47.740242" lon="12.640292">
        <ele>903.226484</ele>
        <time>2022-09-21T13:46:20.677Z</time>
      </trkpt>
      <trkpt lat="47.740333" lon="12.640248">
        <ele>901.607910</ele>
        <time>2022-09-21T13:46:37.679Z</time>
      </trkpt>
      <trkpt lat="47.740417" lon="12.640193">
        <ele>900.055427</ele>
        <time>2022-09-21T13:46:48.682Z</time>
      </trkpt>
      <trkpt lat="47.740475" lon="12.640090">
        <ele>898.527295</ele>
        <time>2022-09-21T13:46:59.635Z</time>
      </trkpt>
      <trkpt lat="47.740537" lon="12.639988">
        <ele>896.963328</ele>
        <time>2022-09-21T13:47:09.675Z</time>
      </trkpt>
      <trkpt lat="47.740590" lon="12.639863">
        <ele>895.282430</ele>
        <time>2022-09-21T13:47:21.672Z</time>
      </trkpt>
      <trkpt lat="47.740652" lon="12.639762">
        <ele>893.726885</ele>
        <time>2022-09-21T13:47:30.683Z</time>
      </trkpt>
      <trkpt lat="47.740688" lon="12.639637">
        <ele>892.180107</ele>
        <time>2022-09-21T13:47:39.670Z</time>
      </trkpt>
      <trkpt lat="47.740685" lon="12.639498">
        <ele>890.598171</ele>
        <time>2022-09-21T13:47:49.640Z</time>
      </trkpt>
      <trkpt lat="47.740693" lon="12.639362">
        <ele>889.045266</ele>
        <time>2022-09-21T13:47:58.677Z</time>
      </trkpt>
      <trkpt lat="47.740712" lon="12.639213">
        <ele>887.320194</ele>
        <time>2022-09-21T13:48:09.669Z</time>
      </trkpt>
      <trkpt lat="47.740723" lon="12.639072">
        <ele>885.705566</ele>
        <time>2022-09-21T13:48:19.670Z</time>
      </trkpt>
      <trkpt lat="47.740745" lon="12.638923">
        <ele>883.970324</ele>
        <time>2022-09-21T13:48:42.673Z</time>
      </trkpt>
      <trkpt lat="47.740803" lon="12.638810">
        <ele>882.353335</ele>
        <time>2022-09-21T13:49:01.658Z</time>
      </trkpt>
      <trkpt lat="47.740883" lon="12.638735">
        <ele>880.753673</ele>
        <time>2022-09-21T13:49:11.675Z</time>
      </trkpt>
      <trkpt lat="47.740977" lon="12.638755">
        <ele>879.147489</ele>
        <time>2022-09-21T13:49:26.677Z</time>
      </trkpt>
      <trkpt lat="47.741042" lon="12.638660">
        <ele>877.602180</ele>
        <time>2022-09-21T13:49:36.737Z</time>
      </trkpt>
      <trkpt lat="47.741022" lon="12.638528">
        <ele>876.057322</ele>
        <time>2022-09-21T13:49:54.722Z</time>
      </trkpt>
      <trkpt lat="47.741017" lon="12.638563">
        <ele>875.648801</ele>
        <time>2022-09-21T13:50:34.014Z</time>
      </trkpt>
      <trkpt lat="47.741097" lon="12.639020">
        <ele>870.257231</ele>
        <time>2022-09-21T14:20:10.720Z</time>
      </trkpt>
      <trkpt lat="47.741140" lon="12.639142">
        <ele>868.684607</ele>
        <time>2022-09-21T14:20:59.726Z</time>
      </trkpt>
      <trkpt lat="47.741190" lon="12.639377">
        <ele>865.870470</ele>
        <time>2022-09-21T14:21:37.678Z</time>
      </trkpt>
      <trkpt lat="47.741187" lon="12.639513">
        <ele>864.316892</ele>
        <time>2022-09-21T14:21:50.671Z</time>
      </trkpt>
      <trkpt lat="47.741160" lon="12.639645">
        <ele>862.741644</ele>
        <time>2022-09-21T14:22:02.668Z</time>
      </trkpt>
      <trkpt lat="47.741207" lon="12.639770">
        <ele>861.106560</ele>
        <time>2022-09-21T14:22:19.677Z</time>
      </trkpt>
      <trkpt lat="47.741243" lon="12.639902">
        <ele>859.480265</ele>
        <time>2022-09-21T14:22:31.684Z</time>
      </trkpt>
      <trkpt lat="47.741292" lon="12.640015">
        <ele>857.945159</ele>
        <time>2022-09-21T14:22:48.673Z</time>
      </trkpt>
      <trkpt lat="47.741272" lon="12.639875">
        <ele>856.311082</ele>
        <time>2022-09-21T14:23:06.675Z</time>
      </trkpt>
      <trkpt lat="47.741338" lon="12.639777">
        <ele>854.727573</ele>
        <time>2022-09-21T14:23:31.731Z</time>
      </trkpt>
      <trkpt lat="47.741422" lon="12.639710">
        <ele>853.109238</ele>
        <time>2022-09-21T14:23:47.675Z</time>
      </trkpt>
      <trkpt lat="47.741500" lon="12.639635">
        <ele>851.532243</ele>
        <time>2022-09-21T14:24:04.676Z</time>
      </trkpt>
      <trkpt lat="47.741657" lon="12.639615">
        <ele>848.856969</ele>
        <time>2022-09-21T14:24:59.729Z</time>
      </trkpt>
      <trkpt lat="47.741743" lon="12.639803">
        <ele>845.261756</ele>
        <time>2022-09-21T14:25:52.736Z</time>
      </trkpt>
      <trkpt lat="47.741767" lon="12.639942">
        <ele>842.715002</ele>
        <time>2022-09-21T14:26:21.677Z</time>
      </trkpt>
      <trkpt lat="47.741778" lon="12.640158">
        <ele>838.870815</ele>
        <time>2022-09-21T14:27:03.677Z</time>
      </trkpt>
      <trkpt lat="47.741787" lon="12.640292">
        <ele>836.480974</ele>
        <time>2022-09-21T14:27:26.678Z</time>
      </trkpt>
      <trkpt lat="47.741857" lon="12.640387">
        <ele>833.980035</ele>
        <time>2022-09-21T14:27:40.731Z</time>
      </trkpt>
      <trkpt lat="47.741950" lon="12.640392">
        <ele>831.524192</ele>
        <time>2022-09-21T14:27:59.665Z</time>
      </trkpt>
      <trkpt lat="47.742065" lon="12.640343">
        <ele>828.367258</ele>
        <time>2022-09-21T14:29:06.679Z</time>
      </trkpt>
      <trkpt lat="47.742153" lon="12.640288">
        <ele>825.848191</ele>
        <time>2022-09-21T14:29:19.735Z</time>
      </trkpt>
      <trkpt lat="47.742233" lon="12.640220">
        <ele>823.416467</ele>
        <time>2022-09-21T14:29:31.736Z</time>
      </trkpt>
      <trkpt lat="47.742317" lon="12.640157">
        <ele>820.933757</ele>
        <time>2022-09-21T14:29:45.675Z</time>
      </trkpt>
      <trkpt lat="47.742413" lon="12.640132">
        <ele>818.361796</ele>
        <time>2022-09-21T14:29:58.679Z</time>
      </trkpt>
      <trkpt lat="47.742502" lon="12.640102">
        <ele>815.953532</ele>
        <time>2022-09-21T14:30:10.674Z</time>
      </trkpt>
      <trkpt lat="47.742592" lon="12.640095">
        <ele>813.575215</ele>
        <time>2022-09-21T14:30:23.630Z</time>
      </trkpt>
      <trkpt lat="47.742755" lon="12.640058">
        <ele>809.223873</ele>
        <time>2022-09-21T14:31:04.639Z</time>
      </trkpt>
      <trkpt lat="47.742845" lon="12.640043">
        <ele>806.833932</ele>
        <time>2022-09-21T14:31:22.672Z</time>
      </trkpt>
      <trkpt lat="47.742937" lon="12.640022">
        <ele>804.377647</ele>
        <time>2022-09-21T14:31:40.680Z</time>
      </trkpt>
      <trkpt lat="47.743032" lon="12.640012">
        <ele>801.864355</ele>
        <time>2022-09-21T14:31:59.682Z</time>
      </trkpt>
      <trkpt lat="47.743123" lon="12.639997">
        <ele>799.918382</ele>
        <time>2022-09-21T14:32:13.746Z</time>
      </trkpt>
      <trkpt lat="47.743238" lon="12.640002">
        <ele>798.123900</ele>
        <time>2022-09-21T14:32:53.682Z</time>
      </trkpt>
      <trkpt lat="47.743358" lon="12.639922">
        <ele>796.072719</ele>
        <time>2022-09-21T14:33:35.682Z</time>
      </trkpt>
      <trkpt lat="47.743393" lon="12.640047">
        <ele>794.652530</ele>
        <time>2022-09-21T14:33:48.679Z</time>
      </trkpt>
      <trkpt lat="47.743372" lon="12.640182">
        <ele>793.199179</ele>
        <time>2022-09-21T14:33:56.642Z</time>
      </trkpt>
      <trkpt lat="47.743348" lon="12.640328">
        <ele>791.622753</ele>
        <time>2022-09-21T14:34:06.681Z</time>
      </trkpt>
      <trkpt lat="47.743333" lon="12.640462">
        <ele>790.197940</ele>
        <time>2022-09-21T14:34:14.801Z</time>
      </trkpt>
      <trkpt lat="47.743317" lon="12.640603">
        <ele>788.698138</ele>
        <time>2022-09-21T14:34:24.676Z</time>
      </trkpt>
      <trkpt lat="47.743312" lon="12.640738">
        <ele>787.280031</ele>
        <time>2022-09-21T14:34:33.690Z</time>
      </trkpt>
      <trkpt lat="47.743323" lon="12.640880">
        <ele>785.780799</ele>
        <time>2022-09-21T14:34:44.646Z</time>
      </trkpt>
      <trkpt lat="47.743403" lon="12.640942">
        <ele>784.373713</ele>
        <time>2022-09-21T14:34:59.672Z</time>
      </trkpt>
      <trkpt lat="47.743493" lon="12.640918">
        <ele>782.947544</ele>
        <time>2022-09-21T14:35:08.673Z</time>
      </trkpt>
      <trkpt lat="47.743592" lon="12.640915">
        <ele>781.403069</ele>
        <time>2022-09-21T14:35:17.673Z</time>
      </trkpt>
      <trkpt lat="47.743675" lon="12.640858">
        <ele>779.977097</ele>
        <time>2022-09-21T14:35:27.658Z</time>
      </trkpt>
      <trkpt lat="47.743753" lon="12.640780">
        <ele>778.511004</ele>
        <time>2022-09-21T14:35:36.734Z</time>
      </trkpt>
      <trkpt lat="47.743830" lon="12.640703">
        <ele>777.063708</ele>
        <time>2022-09-21T14:35:46.675Z</time>
      </trkpt>
      <trkpt lat="47.743922" lon="12.640650">
        <ele>775.524825</ele>
        <time>2022-09-21T14:35:56.676Z</time>
      </trkpt>
      <trkpt lat="47.744013" lon="12.640625">
        <ele>774.081433</ele>
        <time>2022-09-21T14:36:07.671Z</time>
      </trkpt>
      <trkpt lat="47.744108" lon="12.640642">
        <ele>772.588979</ele>
        <time>2022-09-21T14:36:17.674Z</time>
      </trkpt>
      <trkpt lat="47.744205" lon="12.640670">
        <ele>770.870257</ele>
        <time>2022-09-21T14:36:29.674Z</time>
      </trkpt>
      <trkpt lat="47.744302" lon="12.640695">
        <ele>769.152503</ele>
        <time>2022-09-21T14:36:41.670Z</time>
      </trkpt>
      <trkpt lat="47.744397" lon="12.640718">
        <ele>767.473054</ele>
        <time>2022-09-21T14:36:53.731Z</time>
      </trkpt>
      <trkpt lat="47.744488" lon="12.640747">
        <ele>765.849174</ele>
        <time>2022-09-21T14:37:05.735Z</time>
      </trkpt>
      <trkpt lat="47.744587" lon="12.640770">
        <ele>764.100802</ele>
        <time>2022-09-21T14:37:17.734Z</time>
      </trkpt>
      <trkpt lat="47.744677" lon="12.640783">
        <ele>762.523029</ele>
        <time>2022-09-21T14:37:26.677Z</time>
      </trkpt>
      <trkpt lat="47.744773" lon="12.640802">
        <ele>760.833186</ele>
        <time>2022-09-21T14:37:39.675Z</time>
      </trkpt>
      <trkpt lat="47.744865" lon="12.640850">
        <ele>759.131979</ele>
        <time>2022-09-21T14:37:52.678Z</time>
      </trkpt>
      <trkpt lat="47.744943" lon="12.640930">
        <ele>757.478688</ele>
        <time>2022-09-21T14:38:04.671Z</time>
      </trkpt>
      <trkpt lat="47.744993" lon="12.641048">
        <ele>755.842233</ele>
        <time>2022-09-21T14:38:16.674Z</time>
      </trkpt>
      <trkpt lat="47.745025" lon="12.641183">
        <ele>754.162740</ele>
        <time>2022-09-21T14:38:29.731Z</time>
      </trkpt>
      <trkpt lat="47.745037" lon="12.641318">
        <ele>752.565000</ele>
        <time>2022-09-21T14:38:41.738Z</time>
      </trkpt>
      <trkpt lat="47.745043" lon="12.641467">
        <ele>750.813646</ele>
        <time>2022-09-21T14:38:53.671Z</time>
      </trkpt>
      <trkpt lat="47.745053" lon="12.641605">
        <ele>749.185112</ele>
        <time>2022-09-21T14:39:04.674Z</time>
      </trkpt>
      <trkpt lat="47.745055" lon="12.641748">
        <ele>747.506925</ele>
        <time>2022-09-21T14:39:16.672Z</time>
      </trkpt>
      <trkpt lat="47.745072" lon="12.641880">
        <ele>745.930014</ele>
        <time>2022-09-21T14:39:27.733Z</time>
      </trkpt>
      <trkpt lat="47.745100" lon="12.642012">
        <ele>744.306022</ele>
        <time>2022-09-21T14:39:39.734Z</time>
      </trkpt>
      <trkpt lat="47.745155" lon="12.642118">
        <ele>742.735108</ele>
        <time>2022-09-21T14:39:53.678Z</time>
      </trkpt>
      <trkpt lat="47.745237" lon="12.642180">
        <ele>741.145134</ele>
        <time>2022-09-21T14:40:06.674Z</time>
      </trkpt>
      <trkpt lat="47.745328" lon="12.642183">
        <ele>740.369172</ele>
        <time>2022-09-21T14:40:16.673Z</time>
      </trkpt>
      <trkpt lat="47.745408" lon="12.642122">
        <ele>739.602755</ele>
        <time>2022-09-21T14:40:26.671Z</time>
      </trkpt>
      <trkpt lat="47.745492" lon="12.642067">
        <ele>738.820325</ele>
        <time>2022-09-21T14:40:35.676Z</time>
      </trkpt>
      <trkpt lat="47.745577" lon="12.641993">
        <ele>737.980670</ele>
        <time>2022-09-21T14:40:47.676Z</time>
      </trkpt>
      <trkpt lat="47.745665" lon="12.641947">
        <ele>737.185480</ele>
        <time>2022-09-21T14:40:58.673Z</time>
      </trkpt>
      <trkpt lat="47.745763" lon="12.641915">
        <ele>736.330132</ele>
        <time>2022-09-21T14:41:07.675Z</time>
      </trkpt>
      <trkpt lat="47.745862" lon="12.641907">
        <ele>735.484916</ele>
        <time>2022-09-21T14:41:17.674Z</time>
      </trkpt>
      <trkpt lat="47.745962" lon="12.641903">
        <ele>734.632112</ele>
        <time>2022-09-21T14:41:26.675Z</time>
      </trkpt>
      <trkpt lat="47.746055" lon="12.641890">
        <ele>733.835796</ele>
        <time>2022-09-21T14:41:34.675Z</time>
      </trkpt>
      <trkpt lat="47.746150" lon="12.641865">
        <ele>733.013342</ele>
        <time>2022-09-21T14:41:44.675Z</time>
      </trkpt>
      <trkpt lat="47.746252" lon="12.641837">
        <ele>732.129107</ele>
        <time>2022-09-21T14:41:53.674Z</time>
      </trkpt>
      <trkpt lat="47.746345" lon="12.641815">
        <ele>731.326318</ele>
        <time>2022-09-21T14:42:02.678Z</time>
      </trkpt>
      <trkpt lat="47.746440" lon="12.641790">
        <ele>730.503865</ele>
        <time>2022-09-21T14:42:11.675Z</time>
      </trkpt>
      <trkpt lat="47.746528" lon="12.641748">
        <ele>729.715983</ele>
        <time>2022-09-21T14:42:19.675Z</time>
      </trkpt>
      <trkpt lat="47.746615" lon="12.641703">
        <ele>728.930733</ele>
        <time>2022-09-21T14:42:29.674Z</time>
      </trkpt>
      <trkpt lat="47.746700" lon="12.641657">
        <ele>728.159626</ele>
        <time>2022-09-21T14:42:38.677Z</time>
      </trkpt>
      <trkpt lat="47.746788" lon="12.641627">
        <ele>727.389972</ele>
        <time>2022-09-21T14:42:47.637Z</time>
      </trkpt>
      <trkpt lat="47.746872" lon="12.641563">
        <ele>726.585370</ele>
        <time>2022-09-21T14:42:57.673Z</time>
      </trkpt>
      <trkpt lat="47.746955" lon="12.641488">
        <ele>725.831342</ele>
        <time>2022-09-21T14:43:06.677Z</time>
      </trkpt>
      <trkpt lat="47.747032" lon="12.641415">
        <ele>725.889333</ele>
        <time>2022-09-21T14:43:14.734Z</time>
      </trkpt>
      <trkpt lat="47.747105" lon="12.641328">
        <ele>725.948741</ele>
        <time>2022-09-21T14:43:23.668Z</time>
      </trkpt>
      <trkpt lat="47.747177" lon="12.641243">
        <ele>726.007120</ele>
        <time>2022-09-21T14:43:31.674Z</time>
      </trkpt>
      <trkpt lat="47.747257" lon="12.641150">
        <ele>726.071604</ele>
        <time>2022-09-21T14:43:39.674Z</time>
      </trkpt>
      <trkpt lat="47.747333" lon="12.641075">
        <ele>726.129528</ele>
        <time>2022-09-21T14:43:47.675Z</time>
      </trkpt>
      <trkpt lat="47.747423" lon="12.641013">
        <ele>726.192517</ele>
        <time>2022-09-21T14:43:58.674Z</time>
      </trkpt>
      <trkpt lat="47.747522" lon="12.640980">
        <ele>726.256948</ele>
        <time>2022-09-21T14:44:06.673Z</time>
      </trkpt>
      <trkpt lat="47.747617" lon="12.640945">
        <ele>726.319103</ele>
        <time>2022-09-21T14:44:16.672Z</time>
      </trkpt>
      <trkpt lat="47.747713" lon="12.640932">
        <ele>726.380321</ele>
        <time>2022-09-21T14:44:25.732Z</time>
      </trkpt>
      <trkpt lat="47.747803" lon="12.640912">
        <ele>726.438110</ele>
        <time>2022-09-21T14:44:34.679Z</time>
      </trkpt>
      <trkpt lat="47.747897" lon="12.640870">
        <ele>726.500442</ele>
        <time>2022-09-21T14:44:44.677Z</time>
      </trkpt>
      <trkpt lat="47.747987" lon="12.640840">
        <ele>726.559015</ele>
        <time>2022-09-21T14:44:57.675Z</time>
      </trkpt>
      <trkpt lat="47.748078" lon="12.640795">
        <ele>726.619917</ele>
        <time>2022-09-21T14:45:07.676Z</time>
      </trkpt>
      <trkpt lat="47.748165" lon="12.640750">
        <ele>726.678413</ele>
        <time>2022-09-21T14:45:17.733Z</time>
      </trkpt>
      <trkpt lat="47.748250" lon="12.640705">
        <ele>726.735711</ele>
        <time>2022-09-21T14:45:25.675Z</time>
      </trkpt>
      <trkpt lat="47.748335" lon="12.640637">
        <ele>726.797005</ele>
        <time>2022-09-21T14:45:34.677Z</time>
      </trkpt>
      <trkpt lat="47.748417" lon="12.640565">
        <ele>726.857479</ele>
        <time>2022-09-21T14:45:45.636Z</time>
      </trkpt>
      <trkpt lat="47.748497" lon="12.640482">
        <ele>726.919424</ele>
        <time>2022-09-21T14:45:54.735Z</time>
      </trkpt>
      <trkpt lat="47.748572" lon="12.640398">
        <ele>726.936486</ele>
        <time>2022-09-21T14:46:02.677Z</time>
      </trkpt>
      <trkpt lat="47.748658" lon="12.640340">
        <ele>726.755308</ele>
        <time>2022-09-21T14:46:12.678Z</time>
      </trkpt>
      <trkpt lat="47.748750" lon="12.640275">
        <ele>726.559885</ele>
        <time>2022-09-21T14:46:21.674Z</time>
      </trkpt>
      <trkpt lat="47.748822" lon="12.640193">
        <ele>726.385888</ele>
        <time>2022-09-21T14:46:29.733Z</time>
      </trkpt>
      <trkpt lat="47.748855" lon="12.640062">
        <ele>726.205417</ele>
        <time>2022-09-21T14:46:39.677Z</time>
      </trkpt>
      <trkpt lat="47.748867" lon="12.639925">
        <ele>726.027183</ele>
        <time>2022-09-21T14:46:49.676Z</time>
      </trkpt>
      <trkpt lat="47.748890" lon="12.639790">
        <ele>725.847518</ele>
        <time>2022-09-21T14:46:57.676Z</time>
      </trkpt>
      <trkpt lat="47.748945" lon="12.639682">
        <ele>725.672738</ele>
        <time>2022-09-21T14:47:05.736Z</time>
      </trkpt>
      <trkpt lat="47.749033" lon="12.639623">
        <ele>725.487531</ele>
        <time>2022-09-21T14:47:15.674Z</time>
      </trkpt>
      <trkpt lat="47.749128" lon="12.639597">
        <ele>725.302197</ele>
        <time>2022-09-21T14:47:23.676Z</time>
      </trkpt>
      <trkpt lat="47.749193" lon="12.639495">
        <ele>725.120900</ele>
        <time>2022-09-21T14:47:33.675Z</time>
      </trkpt>
      <trkpt lat="47.749283" lon="12.639437">
        <ele>724.932706</ele>
        <time>2022-09-21T14:47:42.669Z</time>
      </trkpt>
      <trkpt lat="47.749335" lon="12.639313">
        <ele>724.744174</ele>
        <time>2022-09-21T14:48:04.665Z</time>
      </trkpt>
      <trkpt lat="47.749357" lon="12.639168">
        <ele>724.552411</ele>
        <time>2022-09-21T14:48:13.670Z</time>
      </trkpt>
      <trkpt lat="47.749355" lon="12.639030">
        <ele>724.374341</ele>
        <time>2022-09-21T14:48:22.676Z</time>
      </trkpt>
      <trkpt lat="47.749340" lon="12.638885">
        <ele>724.185080</ele>
        <time>2022-09-21T14:48:30.676Z</time>
      </trkpt>
      <trkpt lat="47.749347" lon="12.638733">
        <ele>723.988531</ele>
        <time>2022-09-21T14:48:39.677Z</time>
      </trkpt>
      <trkpt lat="47.749368" lon="12.638598">
        <ele>723.809772</ele>
        <time>2022-09-21T14:48:47.675Z</time>
      </trkpt>
      <trkpt lat="47.749417" lon="12.638472">
        <ele>723.621993</ele>
        <time>2022-09-21T14:48:55.734Z</time>
      </trkpt>
      <trkpt lat="47.749510" lon="12.638435">
        <ele>723.494530</ele>
        <time>2022-09-21T14:49:03.674Z</time>
      </trkpt>
      <trkpt lat="47.749608" lon="12.638447">
        <ele>723.440571</ele>
        <time>2022-09-21T14:49:11.674Z</time>
      </trkpt>
      <trkpt lat="47.749700" lon="12.638467">
        <ele>723.389549</ele>
        <time>2022-09-21T14:49:20.658Z</time>
      </trkpt>
      <trkpt lat="47.749790" lon="12.638463">
        <ele>723.340140</ele>
        <time>2022-09-21T14:49:28.675Z</time>
      </trkpt>
      <trkpt lat="47.749885" lon="12.638462">
        <ele>723.288007</ele>
        <time>2022-09-21T14:49:36.734Z</time>
      </trkpt>
      <trkpt lat="47.749978" lon="12.638497">
        <ele>723.235365</ele>
        <time>2022-09-21T14:49:43.674Z</time>
      </trkpt>
      <trkpt lat="47.750070" lon="12.638542">
        <ele>723.182220</ele>
        <time>2022-09-21T14:49:53.675Z</time>
      </trkpt>
      <trkpt lat="47.750157" lon="12.638608">
        <ele>723.128627</ele>
        <time>2022-09-21T14:50:03.690Z</time>
      </trkpt>
      <trkpt lat="47.750250" lon="12.638558">
        <ele>723.074362</ele>
        <time>2022-09-21T14:50:14.676Z</time>
      </trkpt>
      <trkpt lat="47.750308" lon="12.638455">
        <ele>723.024791</ele>
        <time>2022-09-21T14:50:24.675Z</time>
      </trkpt>
      <trkpt lat="47.750322" lon="12.638313">
        <ele>722.971839</ele>
        <time>2022-09-21T14:50:34.634Z</time>
      </trkpt>
      <trkpt lat="47.750288" lon="12.638182">
        <ele>722.920030</ele>
        <time>2022-09-21T14:50:45.673Z</time>
      </trkpt>
      <trkpt lat="47.750210" lon="12.638088">
        <ele>722.864940</ele>
        <time>2022-09-21T14:50:52.680Z</time>
      </trkpt>
      <trkpt lat="47.750140" lon="12.637997">
        <ele>722.813922</ele>
        <time>2022-09-21T14:50:59.676Z</time>
      </trkpt>
      <trkpt lat="47.750080" lon="12.637878">
        <ele>722.759042</ele>
        <time>2022-09-21T14:51:09.688Z</time>
      </trkpt>
      <trkpt lat="47.750008" lon="12.637785">
        <ele>722.706712</ele>
        <time>2022-09-21T14:51:17.676Z</time>
      </trkpt>
      <trkpt lat="47.749963" lon="12.637667">
        <ele>722.656659</ele>
        <time>2022-09-21T14:51:25.729Z</time>
      </trkpt>
      <trkpt lat="47.749898" lon="12.637567">
        <ele>722.605341</ele>
        <time>2022-09-21T14:51:32.673Z</time>
      </trkpt>
      <trkpt lat="47.749840" lon="12.637452">
        <ele>722.552300</ele>
        <time>2022-09-21T14:51:40.679Z</time>
      </trkpt>
      <trkpt lat="47.749787" lon="12.637325">
        <ele>722.511446</ele>
        <time>2022-09-21T14:51:49.713Z</time>
      </trkpt>
      <trkpt lat="47.749762" lon="12.637190">
        <ele>722.481957</ele>
        <time>2022-09-21T14:51:57.675Z</time>
      </trkpt>
      <trkpt lat="47.749738" lon="12.637045">
        <ele>722.450509</ele>
        <time>2022-09-21T14:52:06.677Z</time>
      </trkpt>
      <trkpt lat="47.749715" lon="12.636907">
        <ele>722.420568</ele>
        <time>2022-09-21T14:52:13.674Z</time>
      </trkpt>
      <trkpt lat="47.749730" lon="12.636767">
        <ele>722.390712</ele>
        <time>2022-09-21T14:52:22.676Z</time>
      </trkpt>
      <trkpt lat="47.749727" lon="12.636620">
        <ele>722.359741</ele>
        <time>2022-09-21T14:52:32.677Z</time>
      </trkpt>
      <trkpt lat="47.749747" lon="12.636478">
        <ele>722.329187</ele>
        <time>2022-09-21T14:52:40.675Z</time>
      </trkpt>
      <trkpt lat="47.749762" lon="12.636343">
        <ele>722.300371</ele>
        <time>2022-09-21T14:52:48.735Z</time>
      </trkpt>
      <trkpt lat="47.749763" lon="12.636197">
        <ele>722.269623</ele>
        <time>2022-09-21T14:52:56.648Z</time>
      </trkpt>
      <trkpt lat="47.749780" lon="12.636060">
        <ele>722.240284</ele>
        <time>2022-09-21T14:53:03.677Z</time>
      </trkpt>
      <trkpt lat="47.749797" lon="12.635923">
        <ele>722.210946</ele>
        <time>2022-09-21T14:53:12.646Z</time>
      </trkpt>
      <trkpt lat="47.749832" lon="12.635788">
        <ele>722.180475</ele>
        <time>2022-09-21T14:53:20.670Z</time>
      </trkpt>
      <trkpt lat="47.749887" lon="12.635677">
        <ele>722.151437</ele>
        <time>2022-09-21T14:53:27.680Z</time>
      </trkpt>
      <trkpt lat="47.749927" lon="12.635555">
        <ele>722.122853</ele>
        <time>2022-09-21T14:53:35.676Z</time>
      </trkpt>
      <trkpt lat="47.749982" lon="12.635440">
        <ele>722.093133</ele>
        <time>2022-09-21T14:53:43.679Z</time>
      </trkpt>
      <trkpt lat="47.750002" lon="12.635288">
        <ele>722.060515</ele>
        <time>2022-09-21T14:53:52.732Z</time>
      </trkpt>
      <trkpt lat="47.750060" lon="12.635173">
        <ele>722.030241</ele>
        <time>2022-09-21T14:54:00.676Z</time>
      </trkpt>
      <trkpt lat="47.750113" lon="12.635053">
        <ele>722.000005</ele>
        <time>2022-09-21T14:54:09.677Z</time>
      </trkpt>
      <trkpt lat="47.750170" lon="12.634930">
        <ele>721.968546</ele>
        <time>2022-09-21T14:54:18.675Z</time>
      </trkpt>
      <trkpt lat="47.750218" lon="12.634817">
        <ele>722.018374</ele>
        <time>2022-09-21T14:54:26.680Z</time>
      </trkpt>
      <trkpt lat="47.750275" lon="12.634705">
        <ele>722.075176</ele>
        <time>2022-09-21T14:54:34.735Z</time>
      </trkpt>
      <trkpt lat="47.750338" lon="12.634598">
        <ele>722.132690</ele>
        <time>2022-09-21T14:54:42.676Z</time>
      </trkpt>
      <trkpt lat="47.750395" lon="12.634492">
        <ele>722.187576</ele>
        <time>2022-09-21T14:54:49.674Z</time>
      </trkpt>
      <trkpt lat="47.750442" lon="12.634368">
        <ele>722.245138</ele>
        <time>2022-09-21T14:54:57.723Z</time>
      </trkpt>
      <trkpt lat="47.750498" lon="12.634258">
        <ele>722.300932</ele>
        <time>2022-09-21T14:55:05.678Z</time>
      </trkpt>
      <trkpt lat="47.750543" lon="12.634140">
        <ele>722.355789</ele>
        <time>2022-09-21T14:55:13.673Z</time>
      </trkpt>
      <trkpt lat="47.750585" lon="12.634020">
        <ele>722.410495</ele>
        <time>2022-09-21T14:55:23.672Z</time>
      </trkpt>
      <trkpt lat="47.750620" lon="12.633888">
        <ele>722.467874</ele>
        <time>2022-09-21T14:55:30.672Z</time>
      </trkpt>
      <trkpt lat="47.750645" lon="12.633758">
        <ele>722.522551</ele>
        <time>2022-09-21T14:55:38.680Z</time>
      </trkpt>
      <trkpt lat="47.750677" lon="12.633625">
        <ele>722.579672</ele>
        <time>2022-09-21T14:55:46.671Z</time>
      </trkpt>
      <trkpt lat="47.750708" lon="12.633487">
        <ele>722.638508</ele>
        <time>2022-09-21T14:55:55.735Z</time>
      </trkpt>
      <trkpt lat="47.750708" lon="12.633338">
        <ele>722.698760</ele>
        <time>2022-09-21T14:56:04.672Z</time>
      </trkpt>
      <trkpt lat="47.750707" lon="12.633192">
        <ele>722.757802</ele>
        <time>2022-09-21T14:56:13.732Z</time>
      </trkpt>
      <trkpt lat="47.750722" lon="12.633035">
        <ele>722.821927</ele>
        <time>2022-09-21T14:56:21.673Z</time>
      </trkpt>
      <trkpt lat="47.750738" lon="12.632898">
        <ele>722.878156</ele>
        <time>2022-09-21T14:56:29.677Z</time>
      </trkpt>
      <trkpt lat="47.750705" lon="12.632765">
        <ele>722.935483</ele>
        <time>2022-09-21T14:56:38.676Z</time>
      </trkpt>
      <trkpt lat="47.750680" lon="12.632628">
        <ele>722.992887</ele>
        <time>2022-09-21T14:56:46.676Z</time>
      </trkpt>
      <trkpt lat="47.750675" lon="12.632487">
        <ele>723.052523</ele>
        <time>2022-09-21T14:56:54.650Z</time>
      </trkpt>
      <trkpt lat="47.750723" lon="12.632355">
        <ele>723.250032</ele>
        <time>2022-09-21T14:57:05.672Z</time>
      </trkpt>
      <trkpt lat="47.750762" lon="12.632218">
        <ele>723.445837</ele>
        <time>2022-09-21T14:57:14.670Z</time>
      </trkpt>
      <trkpt lat="47.750807" lon="12.632090">
        <ele>723.635941</ele>
        <time>2022-09-21T14:57:21.671Z</time>
      </trkpt>
      <trkpt lat="47.750847" lon="12.631960">
        <ele>723.824102</ele>
        <time>2022-09-21T14:57:43.673Z</time>
      </trkpt>
      <trkpt lat="47.750930" lon="12.632032">
        <ele>724.012188</ele>
        <time>2022-09-21T14:57:54.655Z</time>
      </trkpt>
      <trkpt lat="47.750962" lon="12.632162">
        <ele>724.194389</ele>
        <time>2022-09-21T14:58:02.653Z</time>
      </trkpt>
      <trkpt lat="47.751010" lon="12.632285">
        <ele>724.381564</ele>
        <time>2022-09-21T14:58:10.674Z</time>
      </trkpt>
      <trkpt lat="47.751097" lon="12.632353">
        <ele>724.573949</ele>
        <time>2022-09-21T14:58:17.676Z</time>
      </trkpt>
      <trkpt lat="47.751192" lon="12.632388">
        <ele>724.765530</ele>
        <time>2022-09-21T14:58:23.674Z</time>
      </trkpt>
      <trkpt lat="47.751290" lon="12.632407">
        <ele>724.958986</ele>
        <time>2022-09-21T14:58:31.672Z</time>
      </trkpt>
      <trkpt lat="47.751367" lon="12.632492">
        <ele>725.146690</ele>
        <time>2022-09-21T14:58:48.671Z</time>
      </trkpt>
      <trkpt lat="47.751438" lon="12.632582">
        <ele>725.329299</ele>
        <time>2022-09-21T14:58:57.677Z</time>
      </trkpt>
      <trkpt lat="47.751500" lon="12.632682">
        <ele>725.508326</ele>
        <time>2022-09-21T14:59:05.675Z</time>
      </trkpt>
      <trkpt lat="47.751577" lon="12.632585">
        <ele>725.705851</ele>
        <time>2022-09-21T14:59:30.670Z</time>
      </trkpt>
      <trkpt lat="47.751660" lon="12.632513">
        <ele>725.893936</ele>
        <time>2022-09-21T14:59:38.673Z</time>
      </trkpt>
      <trkpt lat="47.751667" lon="12.632367">
        <ele>726.086575</ele>
        <time>2022-09-21T14:59:47.677Z</time>
      </trkpt>
      <trkpt lat="47.751645" lon="12.632235">
        <ele>726.265559</ele>
        <time>2022-09-21T14:59:55.671Z</time>
      </trkpt>
      <trkpt lat="47.751745" lon="12.632155">
        <ele>726.487826</ele>
        <time>2022-09-21T15:00:05.674Z</time>
      </trkpt>
      <trkpt lat="47.751817" lon="12.632073">
        <ele>727.227038</ele>
        <time>2022-09-21T15:00:10.675Z</time>
      </trkpt>
      <trkpt lat="47.751793" lon="12.631935">
        <ele>728.516031</ele>
        <time>2022-09-21T15:00:20.675Z</time>
      </trkpt>
      <trkpt lat="47.751823" lon="12.631802">
        <ele>729.784617</ele>
        <time>2022-09-21T15:00:29.673Z</time>
      </trkpt>
      <trkpt lat="47.751863" lon="12.631678">
        <ele>731.028319</ele>
        <time>2022-09-21T15:00:59.672Z</time>
      </trkpt>
      <trkpt lat="47.751935" lon="12.631592">
        <ele>732.270323</ele>
        <time>2022-09-21T15:01:15.671Z</time>
      </trkpt>
      <trkpt lat="47.751965" lon="12.631463">
        <ele>733.504666</ele>
        <time>2022-09-21T15:01:28.672Z</time>
      </trkpt>
      <trkpt lat="47.751962" lon="12.631325">
        <ele>734.753235</ele>
        <time>2022-09-21T15:01:39.672Z</time>
      </trkpt>
      <trkpt lat="47.752023" lon="12.631207">
        <ele>736.099242</ele>
        <time>2022-09-21T15:01:49.675Z</time>
      </trkpt>
      <trkpt lat="47.752090" lon="12.631108">
        <ele>737.369483</ele>
        <time>2022-09-21T15:02:00.671Z</time>
      </trkpt>
      <trkpt lat="47.752167" lon="12.631032">
        <ele>738.612409</ele>
        <time>2022-09-21T15:02:12.671Z</time>
      </trkpt>
      <trkpt lat="47.752243" lon="12.630952">
        <ele>739.864692</ele>
        <time>2022-09-21T15:02:35.670Z</time>
      </trkpt>
      <trkpt lat="47.752232" lon="12.630812">
        <ele>741.139303</ele>
        <time>2022-09-21T15:02:49.670Z</time>
      </trkpt>
      <trkpt lat="47.752268" lon="12.630675">
        <ele>742.469430</ele>
        <time>2022-09-21T15:03:00.730Z</time>
      </trkpt>
      <trkpt lat="47.752230" lon="12.630548">
        <ele>743.726461</ele>
        <time>2022-09-21T15:03:26.677Z</time>
      </trkpt>
      <trkpt lat="47.752182" lon="12.630420">
        <ele>745.051812</ele>
        <time>2022-09-21T15:03:40.508Z</time>
      </trkpt>
      <trkpt lat="47.752165" lon="12.630273">
        <ele>746.400631</ele>
        <time>2022-09-21T15:03:43.674Z</time>
      </trkpt>
      <trkpt lat="47.752162" lon="12.630138">
        <ele>747.622081</ele>
        <time>2022-09-21T15:03:50.678Z</time>
      </trkpt>
      <trkpt lat="47.752178" lon="12.629997">
        <ele>748.915154</ele>
        <time>2022-09-21T15:03:58.733Z</time>
      </trkpt>
      <trkpt lat="47.752200" lon="12.629858">
        <ele>750.206467</ele>
        <time>2022-09-21T15:04:05.675Z</time>
      </trkpt>
      <trkpt lat="47.752250" lon="12.629747">
        <ele>750.771760</ele>
        <time>2022-09-21T15:04:13.675Z</time>
      </trkpt>
      <trkpt lat="47.752347" lon="12.629697">
        <ele>750.794268</ele>
        <time>2022-09-21T15:04:23.674Z</time>
      </trkpt>
      <trkpt lat="47.752428" lon="12.629763">
        <ele>750.814517</ele>
        <time>2022-09-21T15:04:29.688Z</time>
      </trkpt>
      <trkpt lat="47.752517" lon="12.629805">
        <ele>750.834989</ele>
        <time>2022-09-21T15:04:38.673Z</time>
      </trkpt>
      <trkpt lat="47.752612" lon="12.629855">
        <ele>750.857083</ele>
        <time>2022-09-21T15:04:47.673Z</time>
      </trkpt>
      <trkpt lat="47.752707" lon="12.629885">
        <ele>750.878376</ele>
        <time>2022-09-21T15:04:56.674Z</time>
      </trkpt>
      <trkpt lat="47.752798" lon="12.629942">
        <ele>750.900025</ele>
        <time>2022-09-21T15:05:03.734Z</time>
      </trkpt>
      <trkpt lat="47.752888" lon="12.629998">
        <ele>750.921414</ele>
        <time>2022-09-21T15:05:13.675Z</time>
      </trkpt>
      <trkpt lat="47.752973" lon="12.630043">
        <ele>750.941196</ele>
        <time>2022-09-21T15:05:21.674Z</time>
      </trkpt>
      <trkpt lat="47.753070" lon="12.630083">
        <ele>750.963265</ele>
        <time>2022-09-21T15:05:31.661Z</time>
      </trkpt>
      <trkpt lat="47.753173" lon="12.630142">
        <ele>750.987464</ele>
        <time>2022-09-21T15:05:40.673Z</time>
      </trkpt>
      <trkpt lat="47.753270" lon="12.630178">
        <ele>751.009383</ele>
        <time>2022-09-21T15:05:49.674Z</time>
      </trkpt>
      <trkpt lat="47.753358" lon="12.630225">
        <ele>751.029883</ele>
        <time>2022-09-21T15:05:57.672Z</time>
      </trkpt>
      <trkpt lat="47.753445" lon="12.630280">
        <ele>751.050609</ele>
        <time>2022-09-21T15:06:07.674Z</time>
      </trkpt>
      <trkpt lat="47.753538" lon="12.630320">
        <ele>751.071835</ele>
        <time>2022-09-21T15:06:17.676Z</time>
      </trkpt>
      <trkpt lat="47.753628" lon="12.630370">
        <ele>751.092899</ele>
        <time>2022-09-21T15:06:25.673Z</time>
      </trkpt>
      <trkpt lat="47.753710" lon="12.630427">
        <ele>751.112744</ele>
        <time>2022-09-21T15:06:33.676Z</time>
      </trkpt>
      <trkpt lat="47.753793" lon="12.630483">
        <ele>751.132726</ele>
        <time>2022-09-21T15:06:41.672Z</time>
      </trkpt>
      <trkpt lat="47.753883" lon="12.630512">
        <ele>751.152916</ele>
        <time>2022-09-21T15:06:50.672Z</time>
      </trkpt>
      <trkpt lat="47.753967" lon="12.630578">
        <ele>751.691498</ele>
        <time>2022-09-21T15:06:59.672Z</time>
      </trkpt>
      <trkpt lat="47.754052" lon="12.630627">
        <ele>752.277296</ele>
        <time>2022-09-21T15:07:06.674Z</time>
      </trkpt>
      <trkpt lat="47.754148" lon="12.630678">
        <ele>752.932359</ele>
        <time>2022-09-21T15:07:15.657Z</time>
      </trkpt>
      <trkpt lat="47.754168" lon="12.630825">
        <ele>753.580314</ele>
        <time>2022-09-21T15:07:23.674Z</time>
      </trkpt>
      <trkpt lat="47.754147" lon="12.630958">
        <ele>754.170545</ele>
        <time>2022-09-21T15:07:31.662Z</time>
      </trkpt>
      <trkpt lat="47.754103" lon="12.631080">
        <ele>754.768668</ele>
        <time>2022-09-21T15:07:41.674Z</time>
      </trkpt>
      <trkpt lat="47.754107" lon="12.631223">
        <ele>755.387003</ele>
        <time>2022-09-21T15:07:52.675Z</time>
      </trkpt>
      <trkpt lat="47.754198" lon="12.631245">
        <ele>755.979443</ele>
        <time>2022-09-21T15:08:47.673Z</time>
      </trkpt>
      <trkpt lat="47.754293" lon="12.631225">
        <ele>756.595997</ele>
        <time>2022-09-21T15:08:54.732Z</time>
      </trkpt>
      <trkpt lat="47.754387" lon="12.631190">
        <ele>757.218679</ele>
        <time>2022-09-21T15:09:03.673Z</time>
      </trkpt>
      <trkpt lat="47.754477" lon="12.631165">
        <ele>757.807018</ele>
        <time>2022-09-21T15:09:14.641Z</time>
      </trkpt>
      <trkpt lat="47.754565" lon="12.631203">
        <ele>758.395854</ele>
        <time>2022-09-21T15:09:25.671Z</time>
      </trkpt>
      <trkpt lat="47.754560" lon="12.631365">
        <ele>759.096471</ele>
        <time>2022-09-21T15:09:44.660Z</time>
      </trkpt>
      <trkpt lat="47.754540" lon="12.631570">
        <ele>759.991398</ele>
        <time>2022-09-21T15:10:16.660Z</time>
      </trkpt>
      <trkpt lat="47.754565" lon="12.631715">
        <ele>760.638106</ele>
        <time>2022-09-21T15:10:20.655Z</time>
      </trkpt>
      <trkpt lat="47.754590" lon="12.631458">
        <ele>761.759971</ele>
        <time>2022-09-21T15:10:32.659Z</time>
      </trkpt>
      <trkpt lat="47.754588" lon="12.631313">
        <ele>762.386538</ele>
        <time>2022-09-21T15:10:33.635Z</time>
      </trkpt>
      <trkpt lat="47.754512" lon="12.631393">
        <ele>762.713529</ele>
        <time>2022-09-21T15:10:58.664Z</time>
      </trkpt>
      <trkpt lat="47.754603" lon="12.631405">
        <ele>762.713529</ele>
        <time>2022-09-21T15:11:08.651Z</time>
      </trkpt>
      <trkpt lat="47.754692" lon="12.631432">
        <ele>762.713529</ele>
        <time>2022-09-21T15:11:17.667Z</time>
      </trkpt>
      <trkpt lat="47.754643" lon="12.631315">
        <ele>762.713529</ele>
        <time>2022-09-21T15:12:39.657Z</time>
      </trkpt>
      <trkpt lat="47.754590" lon="12.631435">
        <ele>762.713529</ele>
        <time>2022-09-21T15:12:58.656Z</time>
      </trkpt>
      <trkpt lat="47.754540" lon="12.631310">
        <ele>762.713529</ele>
        <time>2022-09-21T15:13:17.654Z</time>
      </trkpt>
      <trkpt lat="47.754632" lon="12.631290">
        <ele>762.713529</ele>
        <time>2022-09-21T15:13:28.662Z</time>
      </trkpt>
      <trkpt lat="47.754690" lon="12.631455">
        <ele>762.713529</ele>
        <time>2022-09-21T15:13:53.661Z</time>
      </trkpt>
      <trkpt lat="47.754780" lon="12.631440">
        <ele>762.713529</ele>
        <time>2022-09-21T15:15:03.667Z</time>
      </trkpt>
      <trkpt lat="47.754690" lon="12.631422">
        <ele>762.713529</ele>
        <time>2022-09-21T15:15:27.673Z</time>
      </trkpt>
      <trkpt lat="47.754758" lon="12.631525">
        <ele>762.713529</ele>
        <time>2022-09-21T15:15:39.666Z</time>
      </trkpt>
      <trkpt lat="47.754783" lon="12.631390">
        <ele>762.713529</ele>
        <time>2022-09-21T15:15:47.722Z</time>
      </trkpt>
      <trkpt lat="47.754770" lon="12.631537">
        <ele>762.713529</ele>
        <time>2022-09-21T15:16:00.660Z</time>
      </trkpt>
      <trkpt lat="47.754735" lon="12.631660">
        <ele>762.713529</ele>
        <time>2022-09-21T15:16:08.660Z</time>
      </trkpt>
      <trkpt lat="47.754767" lon="12.631810">
        <ele>762.713529</ele>
        <time>2022-09-21T15:16:20.658Z</time>
      </trkpt>
      <trkpt lat="47.754853" lon="12.631895">
        <ele>762.713529</ele>
        <time>2022-09-21T15:16:25.664Z</time>
      </trkpt>
      <trkpt lat="47.754763" lon="12.631890">
        <ele>762.713529</ele>
        <time>2022-09-21T15:16:48.664Z</time>
      </trkpt>
      <trkpt lat="47.754748" lon="12.631810">
        <ele>762.713529</ele>
        <time>2022-09-21T15:17:03.369Z</time>
      </trkpt>
    </trkseg>
  </trk>
</gpx>